Başlangıç Tarihi,Bitiş Tarihi,kod,renk,model,100cm,100cm camlı,90cm,90cm camlı
2024-01-01,2024-01-05,110,italyan ceviz,madra,1.0,,,1.0
2024-01-01,2024-01-05,120,italyan ceviz,baklava,,,,
2024-01-01,2024-01-05,130,italyan ceviz,karışık çizgi,4.0,,,1.0
2024-01-01,2024-01-05,160,italyan ceviz,iki göbek,47.0,5.0,12.0,
2024-01-01,2024-01-05,200,koyu ceviz,yavru kanat,,,,
2024-01-01,2024-01-05,220,koyu ceviz,baklava,,,,
2024-01-01,2024-01-05,230,koyu ceviz,karışık çizgi,10.0,,4.0,
2024-01-01,2024-01-05,260,koyu ceviz,iki göbek,2.0,,,
2024-01-01,2024-01-05,300,gold ceviz,yavru kanat,,,,
2024-01-01,2024-01-05,310,gold ceviz,madra,,,,
2024-01-01,2024-01-05,320,gold ceviz,baklava,1.0,,,
2024-01-01,2024-01-05,330,gold ceviz,karışık çizgi,9.0,1.0,1.0,
2024-01-01,2024-01-05,360,gold ceviz,iki göbek,,,,
2024-01-01,2024-01-05,400,ABD ceviz,yavru kanat,,,,
2024-01-01,2024-01-05,410,ABD ceviz,madra,,,,
2024-01-01,2024-01-05,420,ABD ceviz,baklava,,,,
2024-01-01,2024-01-05,430,ABD ceviz,karışık çizgi,,,,
2024-01-01,2024-01-05,460,ABD ceviz,iki göbek,8.0,,,
2024-01-01,2024-01-05,500,wenge,yavru kanat,,,,
2024-01-01,2024-01-05,520,wenge,baklava,9.0,1.0,3.0,
2024-01-01,2024-01-05,530,wenge,karışık çizgi,3.0,1.0,2.0,
2024-01-01,2024-01-05,560,wenge,iki göbek,8.0,,1.0,
2024-01-01,2024-01-05,600,bute beyaz,yavru kanat,,,,
2024-01-01,2024-01-05,610,bute beyaz,madra,5.0,,,
2024-01-01,2024-01-05,620,bute beyaz,baklava,,,1.0,
2024-01-01,2024-01-05,630,bute beyaz,karışık çizgi,20.0,1.0,5.0,
2024-01-01,2024-01-05,640,,,1.0,,,
2024-01-01,2024-01-05,660,bute beyaz,iki göbek,88.0,6.0,24.0,7.0
2024-01-01,2024-01-05,700,küp akça,yavru kanat,,,,
2024-01-01,2024-01-05,720,küp akça,baklava,3.0,,,
2024-01-01,2024-01-05,730,küp akça,karışık çizgi,21.0,,2.0,2.0
2024-01-01,2024-01-05,760,küp akça,iki göbek,15.0,4.0,3.0,1.0
2024-01-01,2024-01-05,800,ardahan gri,yavru kanat,,,,
2024-01-01,2024-01-05,810,ardahan gri,madra,20.0,,2.0,
2024-01-01,2024-01-05,820,ardahan gri,baklava,,,,
2024-01-01,2024-01-05,830,ardahan gri,karışık çizgi,,1.0,3.0,
2024-01-01,2024-01-05,840,,,1.0,,,
2024-01-01,2024-01-05,860,ardahan gri,iki göbek,14.0,,3.0,3.0
2024-01-01,2024-01-05,900,pvc gri,yavru kanat,,,,
2024-01-01,2024-01-05,920,pvc gri,baklava,,,,
2024-01-01,2024-01-05,930,pvc gri,karışık çizgi,8.0,,,2.0
2024-01-01,2024-01-05,960,pvc gri,iki göbek,1.0,1.0,2.0,2.0
2024-01-05,2024-01-12,100,italyan ceviz,yavru kanat,,,,
2024-01-05,2024-01-12,110,italyan ceviz,madra,20.0,1.0,5.0,
2024-01-05,2024-01-12,120,italyan ceviz,baklava,38.0,1.0,7.0,2.0
2024-01-05,2024-01-12,130,italyan ceviz,karışık çizgi,8.0,,2.0,
2024-01-05,2024-01-12,140,,,2.0,,,
2024-01-05,2024-01-12,160,italyan ceviz,iki göbek,40.0,3.0,7.0,1.0
2024-01-05,2024-01-12,200,koyu ceviz,yavru kanat,,,,
2024-01-05,2024-01-12,220,koyu ceviz,baklava,11.0,,3.0,
2024-01-05,2024-01-12,230,koyu ceviz,karışık çizgi,27.0,,4.0,6.0
2024-01-05,2024-01-12,240,,,3.0,,,
2024-01-05,2024-01-12,260,koyu ceviz,iki göbek,17.0,,,
2024-01-05,2024-01-12,300,gold ceviz,yavru kanat,,,,
2024-01-05,2024-01-12,310,gold ceviz,madra,3.0,3.0,1.0,1.0
2024-01-05,2024-01-12,320,gold ceviz,baklava,5.0,,,
2024-01-05,2024-01-12,330,gold ceviz,karışık çizgi,8.0,1.0,1.0,
2024-01-05,2024-01-12,340,,,6.0,,,
2024-01-05,2024-01-12,360,gold ceviz,iki göbek,44.0,,,1.0
2024-01-05,2024-01-12,400,ABD ceviz,yavru kanat,,,,
2024-01-05,2024-01-12,410,ABD ceviz,madra,1.0,,,
2024-01-05,2024-01-12,420,ABD ceviz,baklava,9.0,1.0,1.0,
2024-01-05,2024-01-12,430,ABD ceviz,karışık çizgi,11.0,,5.0,2.0
2024-01-05,2024-01-12,460,ABD ceviz,iki göbek,10.0,1.0,,
2024-01-05,2024-01-12,500,wenge,yavru kanat,,,,
2024-01-05,2024-01-12,520,wenge,baklava,11.0,2.0,2.0,
2024-01-05,2024-01-12,530,wenge,karışık çizgi,12.0,,6.0,
2024-01-05,2024-01-12,540,,,2.0,,,
2024-01-05,2024-01-12,560,wenge,iki göbek,17.0,,5.0,1.0
2024-01-05,2024-01-12,600,bute beyaz,yavru kanat,,,,
2024-01-05,2024-01-12,610,bute beyaz,madra,14.0,,,
2024-01-05,2024-01-12,620,bute beyaz,baklava,11.0,,3.0,
2024-01-05,2024-01-12,630,bute beyaz,karışık çizgi,63.0,3.0,16.0,6.0
2024-01-05,2024-01-12,640,,,2.0,,,
2024-01-05,2024-01-12,660,bute beyaz,iki göbek,170.0,7.0,42.0,26.0
2024-01-05,2024-01-12,700,küp akça,yavru kanat,,,,
2024-01-05,2024-01-12,720,küp akça,baklava,20.0,,4.0,2.0
2024-01-05,2024-01-12,730,küp akça,karışık çizgi,12.0,,6.0,3.0
2024-01-05,2024-01-12,740,,,2.0,,,
2024-01-05,2024-01-12,760,küp akça,iki göbek,92.0,6.0,15.0,10.0
2024-01-05,2024-01-12,800,ardahan gri,yavru kanat,,,,
2024-01-05,2024-01-12,810,ardahan gri,madra,11.0,,,2.0
2024-01-05,2024-01-12,820,ardahan gri,baklava,8.0,3.0,,3.0
2024-01-05,2024-01-12,830,ardahan gri,karışık çizgi,,,,
2024-01-05,2024-01-12,840,,,2.0,,,
2024-01-05,2024-01-12,860,ardahan gri,iki göbek,102.0,6.0,33.0,7.0
2024-01-05,2024-01-12,900,pvc gri,yavru kanat,,,,
2024-01-05,2024-01-12,920,pvc gri,baklava,37.0,,8.0,
2024-01-05,2024-01-12,930,pvc gri,karışık çizgi,7.0,,,
2024-01-05,2024-01-12,960,pvc gri,iki göbek,1.0,1.0,,1.0
2024-01-19,2024-01-26,100,italyan ceviz,yavru kanat,,,,
2024-01-19,2024-01-26,110,italyan ceviz,madra,97.0,8.0,9.0,15.0
2024-01-19,2024-01-26,120,italyan ceviz,baklava,14.0,,5.0,1.0
2024-01-19,2024-01-26,130,italyan ceviz,karışık çizgi,16.0,,11.0,
2024-01-19,2024-01-26,140,,,,,1.0,
2024-01-19,2024-01-26,160,italyan ceviz,iki göbek,86.0,3.0,6.0,18.0
2024-01-19,2024-01-26,200,koyu ceviz,yavru kanat,,,,
2024-01-19,2024-01-26,220,koyu ceviz,baklava,5.0,,,
2024-01-19,2024-01-26,230,koyu ceviz,karışık çizgi,21.0,1.0,15.0,
2024-01-19,2024-01-26,240,,,4.0,,,
2024-01-19,2024-01-26,260,koyu ceviz,iki göbek,48.0,1.0,14.0,6.0
2024-01-19,2024-01-26,300,gold ceviz,yavru kanat,,,,
2024-01-19,2024-01-26,310,gold ceviz,madra,12.0,1.0,12.0,2.0
2024-01-19,2024-01-26,320,gold ceviz,baklava,10.0,,,
2024-01-19,2024-01-26,330,gold ceviz,karışık çizgi,11.0,,2.0,2.0
2024-01-19,2024-01-26,340,,,15.0,,3.0,
2024-01-19,2024-01-26,360,gold ceviz,iki göbek,25.0,,4.0,7.0
2024-01-19,2024-01-26,400,ABD ceviz,yavru kanat,,,,
2024-01-19,2024-01-26,410,ABD ceviz,madra,1.0,,,
2024-01-19,2024-01-26,420,ABD ceviz,baklava,30.0,,,1.0
2024-01-19,2024-01-26,430,ABD ceviz,karışık çizgi,10.0,,1.0,
2024-01-19,2024-01-26,460,ABD ceviz,iki göbek,38.0,2.0,8.0,2.0
2024-01-19,2024-01-26,500,wenge,yavru kanat,,,,
2024-01-19,2024-01-26,520,wenge,baklava,11.0,,3.0,
2024-01-19,2024-01-26,530,wenge,karışık çizgi,4.0,,,
2024-01-19,2024-01-26,540,,,,,,
2024-01-19,2024-01-26,560,wenge,iki göbek,17.0,,2.0,
2024-01-19,2024-01-26,600,bute beyaz,yavru kanat,,,,
2024-01-19,2024-01-26,610,bute beyaz,madra,17.0,,10.0,
2024-01-19,2024-01-26,620,bute beyaz,baklava,19.0,,9.0,1.0
2024-01-19,2024-01-26,630,bute beyaz,karışık çizgi,79.0,5.0,27.0,6.0
2024-01-19,2024-01-26,640,,,8.0,,6.0,
2024-01-19,2024-01-26,660,bute beyaz,iki göbek,354.0,33.0,115.0,76.0
2024-01-19,2024-01-26,700,küp akça,yavru kanat,,,,
2024-01-19,2024-01-26,720,küp akça,baklava,26.0,,6.0,1.0
2024-01-19,2024-01-26,730,küp akça,karışık çizgi,58.0,1.0,20.0,3.0
2024-01-19,2024-01-26,740,,,8.0,,,1.0
2024-01-19,2024-01-26,760,küp akça,iki göbek,116.0,16.0,29.0,21.0
2024-01-19,2024-01-26,800,ardahan gri,yavru kanat,,,,
2024-01-19,2024-01-26,810,ardahan gri,madra,38.0,1.0,9.0,3.0
2024-01-19,2024-01-26,820,ardahan gri,baklava,,,2.0,
2024-01-19,2024-01-26,830,ardahan gri,karışık çizgi,86.0,5.0,11.0,3.0
2024-01-19,2024-01-26,840,,,4.0,1.0,5.0,3.0
2024-01-19,2024-01-26,860,ardahan gri,iki göbek,142.0,5.0,36.0,9.0
2024-01-19,2024-01-26,900,pvc gri,yavru kanat,,,,
2024-01-19,2024-01-26,920,pvc gri,baklava,30.0,,1.0,3.0
2024-01-19,2024-01-26,930,pvc gri,karışık çizgi,66.0,8.0,6.0,
2024-01-19,2024-01-26,960,pvc gri,iki göbek,,1.0,5.0,5.0
2024-01-26,2024-02-02,100,italyan ceviz,yavru kanat,,,,
2024-01-26,2024-02-02,110,italyan ceviz,madra,44.0,,9.0,4.0
2024-01-26,2024-02-02,120,italyan ceviz,baklava,,,,
2024-01-26,2024-02-02,130,italyan ceviz,karışık çizgi,6.0,,2.0,
2024-01-26,2024-02-02,140,,,5.0,,,
2024-01-26,2024-02-02,160,italyan ceviz,iki göbek,,,,
2024-01-26,2024-02-02,200,koyu ceviz,yavru kanat,,,,
2024-01-26,2024-02-02,220,koyu ceviz,baklava,6.0,,1.0,4.0
2024-01-26,2024-02-02,230,koyu ceviz,karışık çizgi,,,,
2024-01-26,2024-02-02,240,,,,,,
2024-01-26,2024-02-02,260,koyu ceviz,iki göbek,31.0,1.0,,
2024-01-26,2024-02-02,300,gold ceviz,yavru kanat,,,,
2024-01-26,2024-02-02,310,gold ceviz,madra,3.0,1.0,5.0,
2024-01-26,2024-02-02,320,gold ceviz,baklava,4.0,,,
2024-01-26,2024-02-02,330,gold ceviz,karışık çizgi,,,,
2024-01-26,2024-02-02,340,,,,,,
2024-01-26,2024-02-02,360,gold ceviz,iki göbek,21.0,,,1.0
2024-01-26,2024-02-02,400,ABD ceviz,yavru kanat,,,,
2024-01-26,2024-02-02,410,ABD ceviz,madra,,,,
2024-01-26,2024-02-02,420,ABD ceviz,baklava,,,,
2024-01-26,2024-02-02,430,ABD ceviz,karışık çizgi,,,,
2024-01-26,2024-02-02,460,ABD ceviz,iki göbek,12.0,,2.0,
2024-01-26,2024-02-02,500,wenge,yavru kanat,,,,
2024-01-26,2024-02-02,520,wenge,baklava,,,1.0,
2024-01-26,2024-02-02,530,wenge,karışık çizgi,16.0,1.0,1.0,
2024-01-26,2024-02-02,540,,,,,,
2024-01-26,2024-02-02,560,wenge,iki göbek,,1.0,,
2024-01-26,2024-02-02,600,bute beyaz,yavru kanat,,,,
2024-01-26,2024-02-02,610,bute beyaz,madra,4.0,,5.0,
2024-01-26,2024-02-02,620,bute beyaz,baklava,2.0,1.0,2.0,1.0
2024-01-26,2024-02-02,630,bute beyaz,karışık çizgi,46.0,6.0,18.0,2.0
2024-01-26,2024-02-02,640,,,,,,
2024-01-26,2024-02-02,660,bute beyaz,iki göbek,58.0,6.0,23.0,21.0
2024-01-26,2024-02-02,700,küp akça,yavru kanat,,,,
2024-01-26,2024-02-02,720,küp akça,baklava,3.0,,5.0,
2024-01-26,2024-02-02,730,küp akça,karışık çizgi,49.0,,14.0,4.0
2024-01-26,2024-02-02,740,,,,,,
2024-01-26,2024-02-02,760,küp akça,iki göbek,3.0,,5.0,3.0
2024-01-26,2024-02-02,800,ardahan gri,yavru kanat,,,,
2024-01-26,2024-02-02,810,ardahan gri,madra,15.0,,7.0,
2024-01-26,2024-02-02,820,ardahan gri,baklava,,1.0,,
2024-01-26,2024-02-02,830,ardahan gri,karışık çizgi,23.0,1.0,2.0,9.0
2024-01-26,2024-02-02,840,,,,,,
2024-01-26,2024-02-02,860,ardahan gri,iki göbek,2.0,,1.0,3.0
2024-01-26,2024-02-02,900,pvc gri,yavru kanat,,,,
2024-01-26,2024-02-02,920,pvc gri,baklava,,,,
2024-01-26,2024-02-02,930,pvc gri,karışık çizgi,17.0,1.0,9.0,5.0
2024-01-26,2024-02-02,960,pvc gri,iki göbek,,,,
2024-02-02,2024-02-09,100,italyan ceviz,yavru kanat,,,,
2024-02-02,2024-02-09,110,italyan ceviz,madra,16.0,1.0,3.0,
2024-02-02,2024-02-09,120,italyan ceviz,baklava,,,2.0,1.0
2024-02-02,2024-02-09,130,italyan ceviz,karışık çizgi,26.0,,7.0,4.0
2024-02-02,2024-02-09,140,,,1.0,,,
2024-02-02,2024-02-09,160,italyan ceviz,iki göbek,,,,
2024-02-02,2024-02-09,200,koyu ceviz,yavru kanat,,,,
2024-02-02,2024-02-09,220,koyu ceviz,baklava,9.0,1.0,2.0,
2024-02-02,2024-02-09,230,koyu ceviz,karışık çizgi,,,,
2024-02-02,2024-02-09,240,,,3.0,,,
2024-02-02,2024-02-09,260,koyu ceviz,iki göbek,6.0,,1.0,
2024-02-02,2024-02-09,300,gold ceviz,yavru kanat,,,,
2024-02-02,2024-02-09,310,gold ceviz,madra,,,1.0,1.0
2024-02-02,2024-02-09,320,gold ceviz,baklava,,,,
2024-02-02,2024-02-09,330,gold ceviz,karışık çizgi,,,,
2024-02-02,2024-02-09,340,,,,,,
2024-02-02,2024-02-09,360,gold ceviz,iki göbek,8.0,,,6.0
2024-02-02,2024-02-09,400,ABD ceviz,yavru kanat,,,,
2024-02-02,2024-02-09,410,ABD ceviz,madra,,,,
2024-02-02,2024-02-09,420,ABD ceviz,baklava,,,,
2024-02-02,2024-02-09,430,ABD ceviz,karışık çizgi,6.0,,2.0,
2024-02-02,2024-02-09,440,,,3.0,,,
2024-02-02,2024-02-09,460,ABD ceviz,iki göbek,4.0,1.0,,
2024-02-02,2024-02-09,500,wenge,yavru kanat,,,,
2024-02-02,2024-02-09,520,wenge,baklava,,,,
2024-02-02,2024-02-09,530,wenge,karışık çizgi,3.0,,,
2024-02-02,2024-02-09,540,,,,,,
2024-02-02,2024-02-09,560,wenge,iki göbek,7.0,,2.0,
2024-02-02,2024-02-09,600,bute beyaz,yavru kanat,,,,
2024-02-02,2024-02-09,610,bute beyaz,madra,2.0,,2.0,
2024-02-02,2024-02-09,620,bute beyaz,baklava,3.0,,,
2024-02-02,2024-02-09,630,bute beyaz,karışık çizgi,19.0,6.0,2.0,3.0
2024-02-02,2024-02-09,640,,,,,,
2024-02-02,2024-02-09,660,bute beyaz,iki göbek,85.0,7.0,21.0,23.0
2024-02-02,2024-02-09,700,küp akça,yavru kanat,,,,
2024-02-02,2024-02-09,720,küp akça,baklava,7.0,,3.0,
2024-02-02,2024-02-09,730,küp akça,karışık çizgi,67.0,,40.0,6.0
2024-02-02,2024-02-09,740,,,10.0,,4.0,
2024-02-02,2024-02-09,760,küp akça,iki göbek,,1.0,,
2024-02-02,2024-02-09,800,ardahan gri,yavru kanat,,,,
2024-02-02,2024-02-09,810,ardahan gri,madra,6.0,,5.0,
2024-02-02,2024-02-09,820,ardahan gri,baklava,,,,
2024-02-02,2024-02-09,830,ardahan gri,karışık çizgi,37.0,1.0,11.0,1.0
2024-02-02,2024-02-09,840,,,9.0,,,
2024-02-02,2024-02-09,860,ardahan gri,iki göbek,1.0,,4.0,
2024-02-02,2024-02-09,900,pvc gri,yavru kanat,,,,
2024-02-02,2024-02-09,920,pvc gri,baklava,,,3.0,
2024-02-02,2024-02-09,930,pvc gri,karışık çizgi,5.0,,5.0,
2024-02-02,2024-02-09,960,pvc gri,iki göbek,23.0,2.0,2.0,1.0
2024-02-09,2024-02-16,100,italyan ceviz,yavru kanat,,,,
2024-02-09,2024-02-16,110,italyan ceviz,madra,3.0,,,
2024-02-09,2024-02-16,120,italyan ceviz,baklava,,,,
2024-02-09,2024-02-16,130,italyan ceviz,karışık çizgi,29.0,1.0,8.0,6.0
2024-02-09,2024-02-16,140,,,,,,
2024-02-09,2024-02-16,160,italyan ceviz,iki göbek,,1.0,,
2024-02-09,2024-02-16,200,koyu ceviz,yavru kanat,,,,
2024-02-09,2024-02-16,220,koyu ceviz,baklava,,,,
2024-02-09,2024-02-16,230,koyu ceviz,karışık çizgi,,,,
2024-02-09,2024-02-16,240,,,5.0,,,2.0
2024-02-09,2024-02-16,260,koyu ceviz,iki göbek,19.0,1.0,8.0,
2024-02-09,2024-02-16,300,gold ceviz,yavru kanat,,,,
2024-02-09,2024-02-16,310,gold ceviz,madra,6.0,1.0,2.0,1.0
2024-02-09,2024-02-16,320,gold ceviz,baklava,17.0,,,
2024-02-09,2024-02-16,330,gold ceviz,karışık çizgi,6.0,,4.0,
2024-02-09,2024-02-16,340,,,,,,
2024-02-09,2024-02-16,360,gold ceviz,iki göbek,19.0,,10.0,5.0
2024-02-09,2024-02-16,400,ABD ceviz,yavru kanat,,,,
2024-02-09,2024-02-16,410,ABD ceviz,madra,12.0,,9.0,
2024-02-09,2024-02-16,420,ABD ceviz,baklava,,,,
2024-02-09,2024-02-16,430,ABD ceviz,karışık çizgi,8.0,,,1.0
2024-02-09,2024-02-16,460,ABD ceviz,iki göbek,5.0,,2.0,
2024-02-09,2024-02-16,500,wenge,yavru kanat,,,,
2024-02-09,2024-02-16,520,wenge,baklava,,,,
2024-02-09,2024-02-16,530,wenge,karışık çizgi,,,,
2024-02-09,2024-02-16,540,,,,,,
2024-02-09,2024-02-16,560,wenge,iki göbek,9.0,,,
2024-02-09,2024-02-16,600,bute beyaz,yavru kanat,,,,
2024-02-09,2024-02-16,610,bute beyaz,madra,15.0,,5.0,
2024-02-09,2024-02-16,620,bute beyaz,baklava,4.0,,1.0,
2024-02-09,2024-02-16,630,bute beyaz,karışık çizgi,45.0,2.0,17.0,6.0
2024-02-09,2024-02-16,640,,,,,,
2024-02-09,2024-02-16,660,bute beyaz,iki göbek,141.0,14.0,22.0,21.0
2024-02-09,2024-02-16,700,küp akça,yavru kanat,,,,
2024-02-09,2024-02-16,720,küp akça,baklava,16.0,,11.0,
2024-02-09,2024-02-16,730,küp akça,karışık çizgi,33.0,1.0,14.0,
2024-02-09,2024-02-16,740,,,,,,
2024-02-09,2024-02-16,760,küp akça,iki göbek,,1.0,2.0,
2024-02-09,2024-02-16,800,ardahan gri,yavru kanat,,,,
2024-02-09,2024-02-16,810,ardahan gri,madra,8.0,,,1.0
2024-02-09,2024-02-16,820,ardahan gri,baklava,,,,
2024-02-09,2024-02-16,830,ardahan gri,karışık çizgi,,,3.0,
2024-02-09,2024-02-16,840,,,,,,
2024-02-09,2024-02-16,860,ardahan gri,iki göbek,,1.0,,2.0
2024-02-09,2024-02-16,900,pvc gri,yavru kanat,,,,
2024-02-09,2024-02-16,920,pvc gri,baklava,,,,
2024-02-09,2024-02-16,930,pvc gri,karışık çizgi,,,5.0,1.0
2024-02-09,2024-02-16,960,pvc gri,iki göbek,51.0,1.0,4.0,9.0
2024-02-16,2024-02-23,100,italyan ceviz,yavru kanat,,,,
2024-02-16,2024-02-23,110,italyan ceviz,madra,,,,
2024-02-16,2024-02-23,120,italyan ceviz,baklava,1.0,,,
2024-02-16,2024-02-23,130,italyan ceviz,karışık çizgi,11.0,,,1.0
2024-02-16,2024-02-23,140,,,2.0,,,
2024-02-16,2024-02-23,160,italyan ceviz,iki göbek,10.0,1.0,3.0,2.0
2024-02-16,2024-02-23,200,koyu ceviz,yavru kanat,,,,
2024-02-16,2024-02-23,220,koyu ceviz,baklava,3.0,,,
2024-02-16,2024-02-23,230,koyu ceviz,karışık çizgi,,,,
2024-02-16,2024-02-23,240,,,4.0,,,
2024-02-16,2024-02-23,260,koyu ceviz,iki göbek,6.0,2.0,2.0,4.0
2024-02-16,2024-02-23,300,gold ceviz,yavru kanat,,,,
2024-02-16,2024-02-23,310,gold ceviz,madra,1.0,,,
2024-02-16,2024-02-23,320,gold ceviz,baklava,,,,
2024-02-16,2024-02-23,330,gold ceviz,karışık çizgi,,,,
2024-02-16,2024-02-23,340,,,,,,
2024-02-16,2024-02-23,360,gold ceviz,iki göbek,14.0,,10.0,
2024-02-16,2024-02-23,400,ABD ceviz,yavru kanat,,,,
2024-02-16,2024-02-23,410,ABD ceviz,madra,,,,
2024-02-16,2024-02-23,420,ABD ceviz,baklava,,,,
2024-02-16,2024-02-23,430,ABD ceviz,karışık çizgi,,,,
2024-02-16,2024-02-23,440,,,,,,
2024-02-16,2024-02-23,460,ABD ceviz,iki göbek,83.0,,2.0,
2024-02-16,2024-02-23,500,wenge,yavru kanat,,,,
2024-02-16,2024-02-23,520,wenge,baklava,9.0,2.0,2.0,
2024-02-16,2024-02-23,530,wenge,karışık çizgi,5.0,,4.0,
2024-02-16,2024-02-23,540,,,1.0,,,
2024-02-16,2024-02-23,560,wenge,iki göbek,4.0,,,
2024-02-16,2024-02-23,600,bute beyaz,yavru kanat,,,,
2024-02-16,2024-02-23,610,bute beyaz,madra,5.0,,2.0,
2024-02-16,2024-02-23,620,bute beyaz,baklava,4.0,,,
2024-02-16,2024-02-23,630,bute beyaz,karışık çizgi,8.0,2.0,9.0,3.0
2024-02-16,2024-02-23,640,,,,,,
2024-02-16,2024-02-23,660,bute beyaz,iki göbek,69.0,2.0,,15.0
2024-02-16,2024-02-23,700,küp akça,yavru kanat,,,,
2024-02-16,2024-02-23,720,küp akça,baklava,4.0,,,
2024-02-16,2024-02-23,730,küp akça,karışık çizgi,24.0,3.0,9.0,6.0
2024-02-16,2024-02-23,740,,,,,,
2024-02-16,2024-02-23,760,küp akça,iki göbek,57.0,3.0,7.0,10.0
2024-02-16,2024-02-23,800,ardahan gri,yavru kanat,,,,
2024-02-16,2024-02-23,810,ardahan gri,madra,,,2.0,
2024-02-16,2024-02-23,820,ardahan gri,baklava,4.0,,,
2024-02-16,2024-02-23,830,ardahan gri,karışık çizgi,7.0,3.0,3.0,2.0
2024-02-16,2024-02-23,840,,,,,,
2024-02-16,2024-02-23,860,ardahan gri,iki göbek,47.0,,11.0,8.0
2024-02-16,2024-02-23,900,pvc gri,yavru kanat,,,,
2024-02-16,2024-02-23,920,pvc gri,baklava,,,1.0,
2024-02-16,2024-02-23,930,pvc gri,karışık çizgi,,,,
2024-02-16,2024-02-23,960,pvc gri,iki göbek,23.0,,,6.0
2024-02-23,2024-03-01,100,italyan ceviz,yavru kanat,,,,
2024-02-23,2024-03-01,110,italyan ceviz,madra,1.0,,,1.0
2024-02-23,2024-03-01,120,italyan ceviz,baklava,4.0,,,
2024-02-23,2024-03-01,130,italyan ceviz,karışık çizgi,,,,
2024-02-23,2024-03-01,140,,,,,,
2024-02-23,2024-03-01,160,italyan ceviz,iki göbek,14.0,,3.0,
2024-02-23,2024-03-01,200,koyu ceviz,yavru kanat,,,,
2024-02-23,2024-03-01,220,koyu ceviz,baklava,,,,
2024-02-23,2024-03-01,230,koyu ceviz,karışık çizgi,1.0,,,
2024-02-23,2024-03-01,240,,,,,,
2024-02-23,2024-03-01,260,koyu ceviz,iki göbek,4.0,,,
2024-02-23,2024-03-01,300,gold ceviz,yavru kanat,,,,
2024-02-23,2024-03-01,310,gold ceviz,madra,,,1.0,
2024-02-23,2024-03-01,320,gold ceviz,baklava,,,,
2024-02-23,2024-03-01,330,gold ceviz,karışık çizgi,,,,
2024-02-23,2024-03-01,340,,,,,,
2024-02-23,2024-03-01,360,gold ceviz,iki göbek,3.0,,,2.0
2024-02-23,2024-03-01,400,ABD ceviz,yavru kanat,,,,
2024-02-23,2024-03-01,410,ABD ceviz,madra,,1.0,,
2024-02-23,2024-03-01,420,ABD ceviz,baklava,,,,
2024-02-23,2024-03-01,430,ABD ceviz,karışık çizgi,41.0,,,
2024-02-23,2024-03-01,440,,,,,,
2024-02-23,2024-03-01,460,ABD ceviz,iki göbek,,,,
2024-02-23,2024-03-01,500,wenge,yavru kanat,,,,
2024-02-23,2024-03-01,520,wenge,baklava,,,,
2024-02-23,2024-03-01,530,wenge,karışık çizgi,2.0,,,1.0
2024-02-23,2024-03-01,540,,,,,,
2024-02-23,2024-03-01,560,wenge,iki göbek,5.0,,,
2024-02-23,2024-03-01,600,bute beyaz,yavru kanat,,,,
2024-02-23,2024-03-01,610,bute beyaz,madra,2.0,,,
2024-02-23,2024-03-01,620,bute beyaz,baklava,,,,
2024-02-23,2024-03-01,630,bute beyaz,karışık çizgi,3.0,1.0,6.0,1.0
2024-02-23,2024-03-01,640,,,,,,
2024-02-23,2024-03-01,660,bute beyaz,iki göbek,23.0,,7.0,13.0
2024-02-23,2024-03-01,700,küp akça,yavru kanat,,,,
2024-02-23,2024-03-01,720,küp akça,baklava,4.0,,,1.0
2024-02-23,2024-03-01,730,küp akça,karışık çizgi,5.0,1.0,2.0,
2024-02-23,2024-03-01,740,,,,,,
2024-02-23,2024-03-01,760,küp akça,iki göbek,40.0,3.0,6.0,
2024-02-23,2024-03-01,800,ardahan gri,yavru kanat,,,,
2024-02-23,2024-03-01,810,ardahan gri,madra,,,,
2024-02-23,2024-03-01,820,ardahan gri,baklava,5.0,,,
2024-02-23,2024-03-01,830,ardahan gri,karışık çizgi,5.0,1.0,,
2024-02-23,2024-03-01,840,,,,1.0,,
2024-02-23,2024-03-01,860,ardahan gri,iki göbek,79.0,3.0,4.0,8.0
2024-02-23,2024-03-01,900,pvc gri,yavru kanat,,,,
2024-02-23,2024-03-01,920,pvc gri,baklava,,,,
2024-02-23,2024-03-01,930,pvc gri,karışık çizgi,,,,
2024-02-23,2024-03-01,960,pvc gri,iki göbek,6.0,2.0,,2.0
2024-03-01,2024-03-08,100,italyan ceviz,yavru kanat,,,,
2024-03-01,2024-03-08,110,italyan ceviz,madra,2.0,,,
2024-03-01,2024-03-08,120,italyan ceviz,baklava,,,,
2024-03-01,2024-03-08,130,italyan ceviz,karışık çizgi,3.0,,2.0,
2024-03-01,2024-03-08,140,,,,,,
2024-03-01,2024-03-08,160,italyan ceviz,iki göbek,3.0,,2.0,
2024-03-01,2024-03-08,200,koyu ceviz,yavru kanat,,,,
2024-03-01,2024-03-08,220,koyu ceviz,baklava,,,,
2024-03-01,2024-03-08,230,koyu ceviz,karışık çizgi,,,5.0,
2024-03-01,2024-03-08,240,,,,,,
2024-03-01,2024-03-08,260,koyu ceviz,iki göbek,2.0,,1.0,
2024-03-01,2024-03-08,300,gold ceviz,yavru kanat,,,,
2024-03-01,2024-03-08,310,gold ceviz,madra,,,,
2024-03-01,2024-03-08,320,gold ceviz,baklava,,,,
2024-03-01,2024-03-08,330,gold ceviz,karışık çizgi,3.0,,,
2024-03-01,2024-03-08,340,,,,,,
2024-03-01,2024-03-08,360,gold ceviz,iki göbek,6.0,1.0,3.0,3.0
2024-03-01,2024-03-08,400,ABD ceviz,yavru kanat,,,,
2024-03-01,2024-03-08,410,ABD ceviz,madra,1.0,,,
2024-03-01,2024-03-08,420,ABD ceviz,baklava,,,,
2024-03-01,2024-03-08,430,ABD ceviz,karışık çizgi,,,,
2024-03-01,2024-03-08,440,,,,,,
2024-03-01,2024-03-08,460,ABD ceviz,iki göbek,4.0,,1.0,
2024-03-01,2024-03-08,500,wenge,yavru kanat,,,,
2024-03-01,2024-03-08,520,wenge,baklava,,,,
2024-03-01,2024-03-08,530,wenge,karışık çizgi,,,,
2024-03-01,2024-03-08,540,,,,,,
2024-03-01,2024-03-08,560,wenge,iki göbek,,,,
2024-03-01,2024-03-08,600,bute beyaz,yavru kanat,,,,
2024-03-01,2024-03-08,610,bute beyaz,madra,1.0,,1.0,
2024-03-01,2024-03-08,620,bute beyaz,baklava,,,,
2024-03-01,2024-03-08,630,bute beyaz,karışık çizgi,16.0,1.0,8.0,
2024-03-01,2024-03-08,640,,,,,,
2024-03-01,2024-03-08,660,bute beyaz,iki göbek,21.0,1.0,8.0,2.0
2024-03-01,2024-03-08,700,küp akça,yavru kanat,,,,
2024-03-01,2024-03-08,720,küp akça,baklava,,,2.0,
2024-03-01,2024-03-08,730,küp akça,karışık çizgi,,,,
2024-03-01,2024-03-08,740,,,,,,
2024-03-01,2024-03-08,760,küp akça,iki göbek,6.0,,2.0,
2024-03-01,2024-03-08,800,ardahan gri,yavru kanat,,,,
2024-03-01,2024-03-08,810,ardahan gri,madra,3.0,,1.0,
2024-03-01,2024-03-08,820,ardahan gri,baklava,7.0,,1.0,
2024-03-01,2024-03-08,830,ardahan gri,karışık çizgi,2.0,,,
2024-03-01,2024-03-08,840,,,,,,
2024-03-01,2024-03-08,860,ardahan gri,iki göbek,9.0,,5.0,
2024-03-01,2024-03-08,900,pvc gri,yavru kanat,,,,
2024-03-01,2024-03-08,920,pvc gri,baklava,,,,
2024-03-01,2024-03-08,930,pvc gri,karışık çizgi,,,,
2024-03-01,2024-03-08,960,pvc gri,iki göbek,,,1.0,
2024-03-08,2024-03-15,100,italyan ceviz,yavru kanat,,,,
2024-03-08,2024-03-15,110,italyan ceviz,madra,,1.0,,1.0
2024-03-08,2024-03-15,120,italyan ceviz,baklava,,,,
2024-03-08,2024-03-15,130,italyan ceviz,karışık çizgi,15.0,,,4.0
2024-03-08,2024-03-15,140,,,,,,
2024-03-08,2024-03-15,160,italyan ceviz,iki göbek,30.0,2.0,4.0,4.0
2024-03-08,2024-03-15,200,koyu ceviz,yavru kanat,,,,
2024-03-08,2024-03-15,220,koyu ceviz,baklava,,,,
2024-03-08,2024-03-15,230,koyu ceviz,karışık çizgi,,,1.0,
2024-03-08,2024-03-15,240,,,2.0,,,
2024-03-08,2024-03-15,260,koyu ceviz,iki göbek,12.0,1.0,4.0,3.0
2024-03-08,2024-03-15,300,gold ceviz,yavru kanat,,,,
2024-03-08,2024-03-15,310,gold ceviz,madra,,,,
2024-03-08,2024-03-15,320,gold ceviz,baklava,1.0,,2.0,
2024-03-08,2024-03-15,330,gold ceviz,karışık çizgi,,,,
2024-03-08,2024-03-15,340,,,,,,
2024-03-08,2024-03-15,360,gold ceviz,iki göbek,,,,
2024-03-08,2024-03-15,400,ABD ceviz,yavru kanat,,,,
2024-03-08,2024-03-15,410,ABD ceviz,madra,,,,
2024-03-08,2024-03-15,420,ABD ceviz,baklava,2.0,,,
2024-03-08,2024-03-15,430,ABD ceviz,karışık çizgi,,,,
2024-03-08,2024-03-15,440,,,,,,
2024-03-08,2024-03-15,460,ABD ceviz,iki göbek,,,,
2024-03-08,2024-03-15,500,wenge,yavru kanat,,,,
2024-03-08,2024-03-15,520,wenge,baklava,,,,
2024-03-08,2024-03-15,530,wenge,karışık çizgi,,,,
2024-03-08,2024-03-15,540,,,,,,
2024-03-08,2024-03-15,560,wenge,iki göbek,3.0,,3.0,
2024-03-08,2024-03-15,600,bute beyaz,yavru kanat,,,,
2024-03-08,2024-03-15,610,bute beyaz,madra,,,,
2024-03-08,2024-03-15,620,bute beyaz,baklava,,,,
2024-03-08,2024-03-15,630,bute beyaz,karışık çizgi,17.0,,5.0,
2024-03-08,2024-03-15,640,,,5.0,,,
2024-03-08,2024-03-15,660,bute beyaz,iki göbek,12.0,5.0,11.0,2.0
2024-03-08,2024-03-15,700,küp akça,yavru kanat,,,,
2024-03-08,2024-03-15,720,küp akça,baklava,,,,
2024-03-08,2024-03-15,730,küp akça,karışık çizgi,18.0,1.0,3.0,1.0
2024-03-08,2024-03-15,740,,,,,,
2024-03-08,2024-03-15,760,küp akça,iki göbek,17.0,1.0,,
2024-03-08,2024-03-15,800,ardahan gri,yavru kanat,,,,
2024-03-08,2024-03-15,810,ardahan gri,madra,5.0,,,
2024-03-08,2024-03-15,820,ardahan gri,baklava,4.0,,,
2024-03-08,2024-03-15,830,ardahan gri,karışık çizgi,12.0,,,
2024-03-08,2024-03-15,840,,,,,,
2024-03-08,2024-03-15,860,ardahan gri,iki göbek,35.0,1.0,11.0,6.0
2024-03-08,2024-03-15,900,pvc gri,yavru kanat,,,,
2024-03-08,2024-03-15,920,pvc gri,baklava,,,,
2024-03-08,2024-03-15,930,pvc gri,karışık çizgi,,,,
2024-03-08,2024-03-15,960,pvc gri,iki göbek,12.0,,2.0,4.0
2024-03-15,2024-03-22,100,italyan ceviz,yavru kanat,,,,
2024-03-15,2024-03-22,110,italyan ceviz,madra,1.0,,,
2024-03-15,2024-03-22,120,italyan ceviz,baklava,4.0,,,
2024-03-15,2024-03-22,130,italyan ceviz,karışık çizgi,11.0,,5.0,
2024-03-15,2024-03-22,140,,,,,,
2024-03-15,2024-03-22,160,italyan ceviz,iki göbek,13.0,1.0,6.0,1.0
2024-03-15,2024-03-22,200,koyu ceviz,yavru kanat,,,,
2024-03-15,2024-03-22,220,koyu ceviz,baklava,,,,
2024-03-15,2024-03-22,230,koyu ceviz,karışık çizgi,,,,
2024-03-15,2024-03-22,240,,,,,,
2024-03-15,2024-03-22,260,koyu ceviz,iki göbek,,,,
2024-03-15,2024-03-22,300,gold ceviz,yavru kanat,,,,
2024-03-15,2024-03-22,310,gold ceviz,madra,,,,
2024-03-15,2024-03-22,320,gold ceviz,baklava,,,,
2024-03-15,2024-03-22,330,gold ceviz,karışık çizgi,,,,
2024-03-15,2024-03-22,340,,,,,,
2024-03-15,2024-03-22,360,gold ceviz,iki göbek,,,,
2024-03-15,2024-03-22,400,ABD ceviz,yavru kanat,,,,
2024-03-15,2024-03-22,410,ABD ceviz,madra,,,,
2024-03-15,2024-03-22,420,ABD ceviz,baklava,,,,
2024-03-15,2024-03-22,430,ABD ceviz,karışık çizgi,,,,
2024-03-15,2024-03-22,440,,,,,,
2024-03-15,2024-03-22,460,ABD ceviz,iki göbek,4.0,,,
2024-03-15,2024-03-22,500,wenge,yavru kanat,,,,
2024-03-15,2024-03-22,520,wenge,baklava,,,,
2024-03-15,2024-03-22,530,wenge,karışık çizgi,6.0,1.0,,
2024-03-15,2024-03-22,540,,,,,,
2024-03-15,2024-03-22,560,wenge,iki göbek,,,,
2024-03-15,2024-03-22,600,bute beyaz,yavru kanat,,,,
2024-03-15,2024-03-22,610,bute beyaz,madra,5.0,,2.0,
2024-03-15,2024-03-22,620,bute beyaz,baklava,3.0,,,1.0
2024-03-15,2024-03-22,630,bute beyaz,karışık çizgi,20.0,,5.0,
2024-03-15,2024-03-22,640,,,,,,
2024-03-15,2024-03-22,660,bute beyaz,iki göbek,13.0,4.0,11.0,4.0
2024-03-15,2024-03-22,700,küp akça,yavru kanat,,,,
2024-03-15,2024-03-22,720,küp akça,baklava,,,,2.0
2024-03-15,2024-03-22,730,küp akça,karışık çizgi,25.0,4.0,8.0,1.0
2024-03-15,2024-03-22,740,,,,,,
2024-03-15,2024-03-22,760,küp akça,iki göbek,30.0,1.0,8.0,4.0
2024-03-15,2024-03-22,800,ardahan gri,yavru kanat,,,,
2024-03-15,2024-03-22,810,ardahan gri,madra,,,,
2024-03-15,2024-03-22,820,ardahan gri,baklava,,,,
2024-03-15,2024-03-22,830,ardahan gri,karışık çizgi,9.0,,,
2024-03-15,2024-03-22,840,,,,,,
2024-03-15,2024-03-22,860,ardahan gri,iki göbek,49.0,,9.0,9.0
2024-03-15,2024-03-22,900,pvc gri,yavru kanat,,,,
2024-03-15,2024-03-22,920,pvc gri,baklava,,,2.0,
2024-03-15,2024-03-22,930,pvc gri,karışık çizgi,,,,
2024-03-15,2024-03-22,960,pvc gri,iki göbek,11.0,,1.0,2.0
2024-03-22,2024-03-29,100,italyan ceviz,yavru kanat,,,,
2024-03-22,2024-03-29,110,italyan ceviz,madra,10.0,,2.0,
2024-03-22,2024-03-29,120,italyan ceviz,baklava,,,,
2024-03-22,2024-03-29,130,italyan ceviz,karışık çizgi,6.0,,,
2024-03-22,2024-03-29,140,,,,,,
2024-03-22,2024-03-29,160,italyan ceviz,iki göbek,6.0,,1.0,
2024-03-22,2024-03-29,200,koyu ceviz,yavru kanat,,,,
2024-03-22,2024-03-29,220,koyu ceviz,baklava,,,,
2024-03-22,2024-03-29,230,koyu ceviz,karışık çizgi,,,,
2024-03-22,2024-03-29,240,,,,,,
2024-03-22,2024-03-29,260,koyu ceviz,iki göbek,,,2.0,6.0
2024-03-22,2024-03-29,300,gold ceviz,yavru kanat,,,,
2024-03-22,2024-03-29,310,gold ceviz,madra,28.0,,1.0,
2024-03-22,2024-03-29,320,gold ceviz,baklava,,,,
2024-03-22,2024-03-29,330,gold ceviz,karışık çizgi,,,2.0,
2024-03-22,2024-03-29,340,,,,,,
2024-03-22,2024-03-29,360,gold ceviz,iki göbek,,,2.0,
2024-03-22,2024-03-29,400,ABD ceviz,yavru kanat,,,,
2024-03-22,2024-03-29,410,ABD ceviz,madra,,,,
2024-03-22,2024-03-29,420,ABD ceviz,baklava,,,,
2024-03-22,2024-03-29,430,ABD ceviz,karışık çizgi,,,,
2024-03-22,2024-03-29,440,,,,,,
2024-03-22,2024-03-29,460,ABD ceviz,iki göbek,,,,
2024-03-22,2024-03-29,500,wenge,yavru kanat,,,,
2024-03-22,2024-03-29,520,wenge,baklava,,,,
2024-03-22,2024-03-29,530,wenge,karışık çizgi,,,,
2024-03-22,2024-03-29,540,,,,,,
2024-03-22,2024-03-29,560,wenge,iki göbek,2.0,,1.0,
2024-03-22,2024-03-29,600,bute beyaz,yavru kanat,,,,
2024-03-22,2024-03-29,610,bute beyaz,madra,10.0,2.0,2.0,1.0
2024-03-22,2024-03-29,620,bute beyaz,baklava,,,,
2024-03-22,2024-03-29,630,bute beyaz,karışık çizgi,11.0,,,
2024-03-22,2024-03-29,640,,,,,,
2024-03-22,2024-03-29,660,bute beyaz,iki göbek,23.0,,14.0,9.0
2024-03-22,2024-03-29,700,küp akça,yavru kanat,,,,
2024-03-22,2024-03-29,720,küp akça,baklava,,,,
2024-03-22,2024-03-29,730,küp akça,karışık çizgi,24.0,,3.0,
2024-03-22,2024-03-29,740,,,,,,
2024-03-22,2024-03-29,760,küp akça,iki göbek,25.0,,6.0,13.0
2024-03-22,2024-03-29,800,ardahan gri,yavru kanat,,,,
2024-03-22,2024-03-29,810,ardahan gri,madra,4.0,,,
2024-03-22,2024-03-29,820,ardahan gri,baklava,3.0,,,
2024-03-22,2024-03-29,830,ardahan gri,karışık çizgi,10.0,1.0,,
2024-03-22,2024-03-29,840,,,,,,
2024-03-22,2024-03-29,860,ardahan gri,iki göbek,71.0,11.0,14.0,11.0
2024-03-22,2024-03-29,900,pvc gri,yavru kanat,,,,
2024-03-22,2024-03-29,920,pvc gri,baklava,,,,
2024-03-22,2024-03-29,930,pvc gri,karışık çizgi,3.0,,,
2024-03-22,2024-03-29,960,pvc gri,iki göbek,8.0,,2.0,6.0
2024-03-29,2024-04-05,100,italyan ceviz,yavru kanat,,,,
2024-03-29,2024-04-05,110,italyan ceviz,madra,4.0,,,
2024-03-29,2024-04-05,120,italyan ceviz,baklava,3.0,,,
2024-03-29,2024-04-05,130,italyan ceviz,karışık çizgi,7.0,,4.0,
2024-03-29,2024-04-05,140,,,,,,
2024-03-29,2024-04-05,160,italyan ceviz,iki göbek,37.0,,2.0,1.0
2024-03-29,2024-04-05,200,koyu ceviz,yavru kanat,,,,
2024-03-29,2024-04-05,220,koyu ceviz,baklava,3.0,,,
2024-03-29,2024-04-05,230,koyu ceviz,karışık çizgi,,,,
2024-03-29,2024-04-05,240,,,,,,
2024-03-29,2024-04-05,260,koyu ceviz,iki göbek,1.0,,,
2024-03-29,2024-04-05,300,gold ceviz,yavru kanat,,,,
2024-03-29,2024-04-05,310,gold ceviz,madra,,,,
2024-03-29,2024-04-05,320,gold ceviz,baklava,,,,
2024-03-29,2024-04-05,330,gold ceviz,karışık çizgi,,,,
2024-03-29,2024-04-05,340,,,,,,
2024-03-29,2024-04-05,360,gold ceviz,iki göbek,6.0,,2.0,1.0
2024-03-29,2024-04-05,400,ABD ceviz,yavru kanat,,,,
2024-03-29,2024-04-05,410,ABD ceviz,madra,,,,
2024-03-29,2024-04-05,420,ABD ceviz,baklava,1.0,,,
2024-03-29,2024-04-05,430,ABD ceviz,karışık çizgi,,,,
2024-03-29,2024-04-05,440,,,,,,
2024-03-29,2024-04-05,460,ABD ceviz,iki göbek,,,,
2024-03-29,2024-04-05,500,wenge,yavru kanat,,,,
2024-03-29,2024-04-05,520,wenge,baklava,,,,
2024-03-29,2024-04-05,530,wenge,karışık çizgi,,,,
2024-03-29,2024-04-05,540,,,,,,
2024-03-29,2024-04-05,560,wenge,iki göbek,4.0,,2.0,
2024-03-29,2024-04-05,600,bute beyaz,yavru kanat,,,,
2024-03-29,2024-04-05,610,bute beyaz,madra,13.0,,6.0,
2024-03-29,2024-04-05,620,bute beyaz,baklava,,,,
2024-03-29,2024-04-05,630,bute beyaz,karışık çizgi,16.0,1.0,6.0,
2024-03-29,2024-04-05,640,,,,1.0,,
2024-03-29,2024-04-05,660,bute beyaz,iki göbek,23.0,,7.0,10.0
2024-03-29,2024-04-05,700,küp akça,yavru kanat,,,,
2024-03-29,2024-04-05,720,küp akça,baklava,3.0,3.0,1.0,
2024-03-29,2024-04-05,730,küp akça,karışık çizgi,10.0,,3.0,
2024-03-29,2024-04-05,740,,,,,,
2024-03-29,2024-04-05,760,küp akça,iki göbek,42.0,,16.0,5.0
2024-03-29,2024-04-05,800,ardahan gri,yavru kanat,,,,
2024-03-29,2024-04-05,810,ardahan gri,madra,,,,1.0
2024-03-29,2024-04-05,820,ardahan gri,baklava,4.0,,,
2024-03-29,2024-04-05,830,ardahan gri,karışık çizgi,6.0,,1.0,
2024-03-29,2024-04-05,840,,,,,,
2024-03-29,2024-04-05,860,ardahan gri,iki göbek,43.0,1.0,2.0,7.0
2024-03-29,2024-04-05,900,pvc gri,yavru kanat,,,,
2024-03-29,2024-04-05,920,pvc gri,baklava,,,,
2024-03-29,2024-04-05,930,pvc gri,karışık çizgi,6.0,,,
2024-03-29,2024-04-05,960,pvc gri,iki göbek,15.0,,13.0,
2024-04-12,2024-04-19,100,italyan ceviz,yavru kanat,,,,
2024-04-12,2024-04-19,110,italyan ceviz,madra,25.0,,2.0,
2024-04-12,2024-04-19,120,italyan ceviz,baklava,,,,
2024-04-12,2024-04-19,130,italyan ceviz,karışık çizgi,19.0,1.0,8.0,1.0
2024-04-12,2024-04-19,140,,,,,,
2024-04-12,2024-04-19,160,italyan ceviz,iki göbek,13.0,,,6.0
2024-04-12,2024-04-19,200,koyu ceviz,yavru kanat,,,,
2024-04-12,2024-04-19,220,koyu ceviz,baklava,,,,
2024-04-12,2024-04-19,230,koyu ceviz,karışık çizgi,1.0,,,
2024-04-12,2024-04-19,240,,,4.0,,5.0,
2024-04-12,2024-04-19,260,koyu ceviz,iki göbek,16.0,,2.0,
2024-04-12,2024-04-19,300,gold ceviz,yavru kanat,,,,
2024-04-12,2024-04-19,310,gold ceviz,madra,,,,
2024-04-12,2024-04-19,320,gold ceviz,baklava,,,,
2024-04-12,2024-04-19,330,gold ceviz,karışık çizgi,1.0,,,
2024-04-12,2024-04-19,340,,,,,,
2024-04-12,2024-04-19,360,gold ceviz,iki göbek,5.0,,,
2024-04-12,2024-04-19,400,ABD ceviz,yavru kanat,,,,
2024-04-12,2024-04-19,410,ABD ceviz,madra,,,,
2024-04-12,2024-04-19,420,ABD ceviz,baklava,1.0,,,
2024-04-12,2024-04-19,430,ABD ceviz,karışık çizgi,1.0,,,
2024-04-12,2024-04-19,440,,,,,,
2024-04-12,2024-04-19,460,ABD ceviz,iki göbek,3.0,,,
2024-04-12,2024-04-19,500,wenge,yavru kanat,,,,
2024-04-12,2024-04-19,520,wenge,baklava,,,,
2024-04-12,2024-04-19,530,wenge,karışık çizgi,4.0,,2.0,
2024-04-12,2024-04-19,540,,,,,,
2024-04-12,2024-04-19,560,wenge,iki göbek,,,,
2024-04-12,2024-04-19,600,bute beyaz,yavru kanat,,,,
2024-04-12,2024-04-19,610,bute beyaz,madra,20.0,,,
2024-04-12,2024-04-19,620,bute beyaz,baklava,6.0,,4.0,1.0
2024-04-12,2024-04-19,630,bute beyaz,karışık çizgi,14.0,,8.0,3.0
2024-04-12,2024-04-19,640,,,1.0,4.0,,
2024-04-12,2024-04-19,660,bute beyaz,iki göbek,16.0,,17.0,9.0
2024-04-12,2024-04-19,700,küp akça,yavru kanat,,,,
2024-04-12,2024-04-19,720,küp akça,baklava,3.0,1.0,,
2024-04-12,2024-04-19,730,küp akça,karışık çizgi,25.0,2.0,7.0,4.0
2024-04-12,2024-04-19,740,,,2.0,2.0,1.0,
2024-04-12,2024-04-19,760,küp akça,iki göbek,13.0,1.0,5.0,21.0
2024-04-12,2024-04-19,800,ardahan gri,yavru kanat,,,,
2024-04-12,2024-04-19,810,ardahan gri,madra,,,,
2024-04-12,2024-04-19,820,ardahan gri,baklava,,2.0,,
2024-04-12,2024-04-19,830,ardahan gri,karışık çizgi,7.0,,,3.0
2024-04-12,2024-04-19,840,,,,,,
2024-04-12,2024-04-19,860,ardahan gri,iki göbek,50.0,,4.0,12.0
2024-04-12,2024-04-19,900,pvc gri,yavru kanat,,,,
2024-04-12,2024-04-19,920,pvc gri,baklava,,,1.0,
2024-04-12,2024-04-19,930,pvc gri,karışık çizgi,12.0,,9.0,
2024-04-12,2024-04-19,960,pvc gri,iki göbek,12.0,,2.0,
2024-04-19,2024-04-26,100,italyan ceviz,yavru kanat,,,,
2024-04-19,2024-04-26,110,italyan ceviz,madra,6.0,,,
2024-04-19,2024-04-26,120,italyan ceviz,baklava,5.0,2.0,3.0,
2024-04-19,2024-04-26,130,italyan ceviz,karışık çizgi,22.0,,,
2024-04-19,2024-04-26,140,,,,,3.0,
2024-04-19,2024-04-26,160,italyan ceviz,iki göbek,3.0,,1.0,
2024-04-19,2024-04-26,200,koyu ceviz,yavru kanat,,,,
2024-04-19,2024-04-26,220,koyu ceviz,baklava,,,,
2024-04-19,2024-04-26,230,koyu ceviz,karışık çizgi,,,,
2024-04-19,2024-04-26,240,,,,,,
2024-04-19,2024-04-26,260,koyu ceviz,iki göbek,10.0,,,
2024-04-19,2024-04-26,300,gold ceviz,yavru kanat,,,,
2024-04-19,2024-04-26,310,gold ceviz,madra,1.0,,,1.0
2024-04-19,2024-04-26,320,gold ceviz,baklava,1.0,,3.0,
2024-04-19,2024-04-26,330,gold ceviz,karışık çizgi,,,,
2024-04-19,2024-04-26,340,,,,,,
2024-04-19,2024-04-26,360,gold ceviz,iki göbek,,,,
2024-04-19,2024-04-26,400,ABD ceviz,yavru kanat,,,,
2024-04-19,2024-04-26,410,ABD ceviz,madra,,,,
2024-04-19,2024-04-26,420,ABD ceviz,baklava,5.0,,2.0,
2024-04-19,2024-04-26,430,ABD ceviz,karışık çizgi,6.0,,,1.0
2024-04-19,2024-04-26,440,,,,,,
2024-04-19,2024-04-26,460,ABD ceviz,iki göbek,,,,
2024-04-19,2024-04-26,500,wenge,yavru kanat,,,,
2024-04-19,2024-04-26,520,wenge,baklava,,,,1.0
2024-04-19,2024-04-26,530,wenge,karışık çizgi,,,2.0,
2024-04-19,2024-04-26,540,,,,,,
2024-04-19,2024-04-26,560,wenge,iki göbek,1.0,,,1.0
2024-04-19,2024-04-26,600,bute beyaz,yavru kanat,,,,
2024-04-19,2024-04-26,610,bute beyaz,madra,3.0,2.0,,3.0
2024-04-19,2024-04-26,620,bute beyaz,baklava,12.0,3.0,2.0,1.0
2024-04-19,2024-04-26,630,bute beyaz,karışık çizgi,8.0,2.0,11.0,
2024-04-19,2024-04-26,640,,,,,,
2024-04-19,2024-04-26,660,bute beyaz,iki göbek,44.0,8.0,22.0,9.0
2024-04-19,2024-04-26,700,küp akça,yavru kanat,,,,
2024-04-19,2024-04-26,720,küp akça,baklava,,,,
2024-04-19,2024-04-26,730,küp akça,karışık çizgi,42.0,1.0,,2.0
2024-04-19,2024-04-26,740,,,,,,
2024-04-19,2024-04-26,760,küp akça,iki göbek,44.0,2.0,15.0,
2024-04-19,2024-04-26,800,ardahan gri,yavru kanat,,,,
2024-04-19,2024-04-26,810,ardahan gri,madra,5.0,,,
2024-04-19,2024-04-26,820,ardahan gri,baklava,1.0,,,
2024-04-19,2024-04-26,830,ardahan gri,karışık çizgi,12.0,,,
2024-04-19,2024-04-26,840,,,5.0,,,
2024-04-19,2024-04-26,860,ardahan gri,iki göbek,54.0,2.0,5.0,7.0
2024-04-19,2024-04-26,900,pvc gri,yavru kanat,,,,
2024-04-19,2024-04-26,920,pvc gri,baklava,1.0,,,
2024-04-19,2024-04-26,930,pvc gri,karışık çizgi,39.0,,,
2024-04-19,2024-04-26,960,pvc gri,iki göbek,24.0,,,3.0
2024-04-26,2024-05-03,100,italyan ceviz,yavru kanat,,,,
2024-04-26,2024-05-03,110,italyan ceviz,madra,8.0,,,3.0
2024-04-26,2024-05-03,120,italyan ceviz,baklava,4.0,1.0,1.0,
2024-04-26,2024-05-03,130,italyan ceviz,karışık çizgi,4.0,,,4.0
2024-04-26,2024-05-03,140,,,3.0,,,
2024-04-26,2024-05-03,160,italyan ceviz,iki göbek,15.0,,1.0,3.0
2024-04-26,2024-05-03,200,koyu ceviz,yavru kanat,,,,
2024-04-26,2024-05-03,220,koyu ceviz,baklava,4.0,,,
2024-04-26,2024-05-03,230,koyu ceviz,karışık çizgi,3.0,,,
2024-04-26,2024-05-03,240,,,,,,
2024-04-26,2024-05-03,260,koyu ceviz,iki göbek,8.0,,5.0,
2024-04-26,2024-05-03,300,gold ceviz,yavru kanat,,,,
2024-04-26,2024-05-03,310,gold ceviz,madra,,,1.0,
2024-04-26,2024-05-03,320,gold ceviz,baklava,1.0,,,
2024-04-26,2024-05-03,330,gold ceviz,karışık çizgi,1.0,,,
2024-04-26,2024-05-03,340,,,,,,
2024-04-26,2024-05-03,360,gold ceviz,iki göbek,1.0,,,
2024-04-26,2024-05-03,400,ABD ceviz,yavru kanat,,,,
2024-04-26,2024-05-03,410,ABD ceviz,madra,,,,
2024-04-26,2024-05-03,420,ABD ceviz,baklava,2.0,,2.0,1.0
2024-04-26,2024-05-03,430,ABD ceviz,karışık çizgi,2.0,,,
2024-04-26,2024-05-03,440,,,,,,
2024-04-26,2024-05-03,460,ABD ceviz,iki göbek,1.0,,,
2024-04-26,2024-05-03,500,wenge,yavru kanat,,,,
2024-04-26,2024-05-03,520,wenge,baklava,1.0,,,
2024-04-26,2024-05-03,530,wenge,karışık çizgi,31.0,,,
2024-04-26,2024-05-03,540,,,,,,
2024-04-26,2024-05-03,560,wenge,iki göbek,6.0,,,
2024-04-26,2024-05-03,600,bute beyaz,yavru kanat,,,,
2024-04-26,2024-05-03,610,bute beyaz,madra,24.0,2.0,,2.0
2024-04-26,2024-05-03,620,bute beyaz,baklava,1.0,,,1.0
2024-04-26,2024-05-03,630,bute beyaz,karışık çizgi,21.0,1.0,,3.0
2024-04-26,2024-05-03,640,,,,,,
2024-04-26,2024-05-03,660,bute beyaz,iki göbek,45.0,7.0,13.0,20.0
2024-04-26,2024-05-03,700,küp akça,yavru kanat,,,,
2024-04-26,2024-05-03,720,küp akça,baklava,1.0,,,
2024-04-26,2024-05-03,730,küp akça,karışık çizgi,12.0,,,6.0
2024-04-26,2024-05-03,740,,,,,,
2024-04-26,2024-05-03,760,küp akça,iki göbek,31.0,2.0,5.0,6.0
2024-04-26,2024-05-03,800,ardahan gri,yavru kanat,,,,
2024-04-26,2024-05-03,810,ardahan gri,madra,5.0,,,3.0
2024-04-26,2024-05-03,820,ardahan gri,baklava,10.0,,,
2024-04-26,2024-05-03,830,ardahan gri,karışık çizgi,13.0,,4.0,
2024-04-26,2024-05-03,840,,,,,,
2024-04-26,2024-05-03,860,ardahan gri,iki göbek,59.0,3.0,4.0,9.0
2024-04-26,2024-05-03,900,pvc gri,yavru kanat,,,,
2024-04-26,2024-05-03,920,pvc gri,baklava,,,1.0,
2024-04-26,2024-05-03,930,pvc gri,karışık çizgi,2.0,,,
2024-04-26,2024-05-03,960,pvc gri,iki göbek,7.0,1.0,,1.0
2024-05-03,2024-05-10,100,italyan ceviz,yavru kanat,,,,
2024-05-03,2024-05-10,110,italyan ceviz,madra,1.0,,,
2024-05-03,2024-05-10,120,italyan ceviz,baklava,14.0,,,1.0
2024-05-03,2024-05-10,130,italyan ceviz,karışık çizgi,8.0,,2.0,1.0
2024-05-03,2024-05-10,140,,,,,,
2024-05-03,2024-05-10,160,italyan ceviz,iki göbek,29.0,1.0,7.0,1.0
2024-05-03,2024-05-10,200,koyu ceviz,yavru kanat,,,,
2024-05-03,2024-05-10,220,koyu ceviz,baklava,,,,
2024-05-03,2024-05-10,230,koyu ceviz,karışık çizgi,,,,
2024-05-03,2024-05-10,240,,,3.0,,,
2024-05-03,2024-05-10,260,koyu ceviz,iki göbek,37.0,3.0,2.0,1.0
2024-05-03,2024-05-10,300,gold ceviz,yavru kanat,,,,
2024-05-03,2024-05-10,310,gold ceviz,madra,,,,
2024-05-03,2024-05-10,320,gold ceviz,baklava,,,,
2024-05-03,2024-05-10,330,gold ceviz,karışık çizgi,3.0,,1.0,2.0
2024-05-03,2024-05-10,340,,,,,,
2024-05-03,2024-05-10,360,gold ceviz,iki göbek,1.0,,2.0,
2024-05-03,2024-05-10,400,ABD ceviz,yavru kanat,,,,
2024-05-03,2024-05-10,410,ABD ceviz,madra,,,,
2024-05-03,2024-05-10,420,ABD ceviz,baklava,1.0,,,
2024-05-03,2024-05-10,430,ABD ceviz,karışık çizgi,,,,
2024-05-03,2024-05-10,440,,,,,,
2024-05-03,2024-05-10,460,ABD ceviz,iki göbek,5.0,,,4.0
2024-05-03,2024-05-10,500,wenge,yavru kanat,,,,
2024-05-03,2024-05-10,520,wenge,baklava,2.0,,1.0,
2024-05-03,2024-05-10,530,wenge,karışık çizgi,,,,
2024-05-03,2024-05-10,540,,,,,,
2024-05-03,2024-05-10,560,wenge,iki göbek,3.0,,2.0,
2024-05-03,2024-05-10,600,bute beyaz,yavru kanat,,,,
2024-05-03,2024-05-10,610,bute beyaz,madra,,,,
2024-05-03,2024-05-10,620,bute beyaz,baklava,7.0,,3.0,
2024-05-03,2024-05-10,630,bute beyaz,karışık çizgi,10.0,,2.0,5.0
2024-05-03,2024-05-10,640,,,,,,
2024-05-03,2024-05-10,660,bute beyaz,iki göbek,81.0,9.0,22.0,24.0
2024-05-03,2024-05-10,700,küp akça,yavru kanat,,,,
2024-05-03,2024-05-10,720,küp akça,baklava,,,,
2024-05-03,2024-05-10,730,küp akça,karışık çizgi,6.0,,,
2024-05-03,2024-05-10,740,,,,,,
2024-05-03,2024-05-10,760,küp akça,iki göbek,16.0,1.0,14.0,
2024-05-03,2024-05-10,800,ardahan gri,yavru kanat,,,,
2024-05-03,2024-05-10,810,ardahan gri,madra,,,,
2024-05-03,2024-05-10,820,ardahan gri,baklava,10.0,,,
2024-05-03,2024-05-10,830,ardahan gri,karışık çizgi,43.0,1.0,4.0,1.0
2024-05-03,2024-05-10,840,,,,,,
2024-05-03,2024-05-10,860,ardahan gri,iki göbek,14.0,4.0,2.0,3.0
2024-05-03,2024-05-10,900,pvc gri,yavru kanat,,,,
2024-05-03,2024-05-10,920,pvc gri,baklava,1.0,,,
2024-05-03,2024-05-10,930,pvc gri,karışık çizgi,8.0,,,1.0
2024-05-03,2024-05-10,960,pvc gri,iki göbek,24.0,1.0,4.0,1.0
2024-05-10,2024-05-17,100,italyan ceviz,yavru kanat,,,,
2024-05-10,2024-05-17,110,italyan ceviz,madra,13.0,,3.0,1.0
2024-05-10,2024-05-17,120,italyan ceviz,baklava,5.0,1.0,1.0,
2024-05-10,2024-05-17,130,italyan ceviz,karışık çizgi,21.0,,8.0,1.0
2024-05-10,2024-05-17,140,,,,,,
2024-05-10,2024-05-17,160,italyan ceviz,iki göbek,44.0,5.0,7.0,8.0
2024-05-10,2024-05-17,200,koyu ceviz,yavru kanat,,,,
2024-05-10,2024-05-17,220,koyu ceviz,baklava,15.0,,1.0,
2024-05-10,2024-05-17,230,koyu ceviz,karışık çizgi,10.0,1.0,1.0,3.0
2024-05-10,2024-05-17,240,,,,,2.0,
2024-05-10,2024-05-17,260,koyu ceviz,iki göbek,22.0,,2.0,3.0
2024-05-10,2024-05-17,300,gold ceviz,yavru kanat,,,,
2024-05-10,2024-05-17,310,gold ceviz,madra,1.0,,,
2024-05-10,2024-05-17,320,gold ceviz,baklava,,,,
2024-05-10,2024-05-17,330,gold ceviz,karışık çizgi,,,,
2024-05-10,2024-05-17,340,,,5.0,,,
2024-05-10,2024-05-17,360,gold ceviz,iki göbek,14.0,1.0,,
2024-05-10,2024-05-17,400,ABD ceviz,yavru kanat,,,,
2024-05-10,2024-05-17,410,ABD ceviz,madra,,,2.0,
2024-05-10,2024-05-17,420,ABD ceviz,baklava,2.0,,,
2024-05-10,2024-05-17,430,ABD ceviz,karışık çizgi,,,3.0,
2024-05-10,2024-05-17,440,,,,,,
2024-05-10,2024-05-17,460,ABD ceviz,iki göbek,8.0,1.0,,
2024-05-10,2024-05-17,500,wenge,yavru kanat,,,,
2024-05-10,2024-05-17,520,wenge,baklava,1.0,,1.0,
2024-05-10,2024-05-17,530,wenge,karışık çizgi,1.0,,,
2024-05-10,2024-05-17,540,,,2.0,,,
2024-05-10,2024-05-17,560,wenge,iki göbek,5.0,,,1.0
2024-05-10,2024-05-17,600,bute beyaz,yavru kanat,,,,
2024-05-10,2024-05-17,610,bute beyaz,madra,10.0,,6.0,6.0
2024-05-10,2024-05-17,620,bute beyaz,baklava,5.0,,3.0,2.0
2024-05-10,2024-05-17,630,bute beyaz,karışık çizgi,23.0,6.0,18.0,3.0
2024-05-10,2024-05-17,640,,,,,,
2024-05-10,2024-05-17,660,bute beyaz,iki göbek,128.0,8.0,15.0,48.0
2024-05-10,2024-05-17,700,küp akça,yavru kanat,,,,
2024-05-10,2024-05-17,720,küp akça,baklava,15.0,,2.0,2.0
2024-05-10,2024-05-17,730,küp akça,karışık çizgi,35.0,1.0,2.0,1.0
2024-05-10,2024-05-17,740,,,,,,
2024-05-10,2024-05-17,760,küp akça,iki göbek,65.0,11.0,34.0,2.0
2024-05-10,2024-05-17,800,ardahan gri,yavru kanat,,,,
2024-05-10,2024-05-17,810,ardahan gri,madra,10.0,,,5.0
2024-05-10,2024-05-17,820,ardahan gri,baklava,9.0,,,2.0
2024-05-10,2024-05-17,830,ardahan gri,karışık çizgi,75.0,2.0,21.0,8.0
2024-05-10,2024-05-17,840,,,,,,
2024-05-10,2024-05-17,860,ardahan gri,iki göbek,3.0,2.0,9.0,
2024-05-10,2024-05-17,900,pvc gri,yavru kanat,,,,
2024-05-10,2024-05-17,920,pvc gri,baklava,,,,
2024-05-10,2024-05-17,930,pvc gri,karışık çizgi,8.0,,2.0,1.0
2024-05-10,2024-05-17,960,pvc gri,iki göbek,82.0,7.0,13.0,8.0
2024-05-17,2024-05-24,100,italyan ceviz,yavru kanat,,,,
2024-05-17,2024-05-24,110,italyan ceviz,madra,4.0,,9.0,1.0
2024-05-17,2024-05-24,120,italyan ceviz,baklava,8.0,1.0,3.0,
2024-05-17,2024-05-24,130,italyan ceviz,karışık çizgi,13.0,,,
2024-05-17,2024-05-24,140,,,2.0,,,
2024-05-17,2024-05-24,160,italyan ceviz,iki göbek,43.0,1.0,3.0,9.0
2024-05-17,2024-05-24,200,koyu ceviz,yavru kanat,,,,
2024-05-17,2024-05-24,220,koyu ceviz,baklava,1.0,,3.0,
2024-05-17,2024-05-24,230,koyu ceviz,karışık çizgi,10.0,,,
2024-05-17,2024-05-24,240,,,,,,
2024-05-17,2024-05-24,260,koyu ceviz,iki göbek,8.0,2.0,,1.0
2024-05-17,2024-05-24,300,gold ceviz,yavru kanat,,,,
2024-05-17,2024-05-24,310,gold ceviz,madra,3.0,,,1.0
2024-05-17,2024-05-24,320,gold ceviz,baklava,3.0,,,1.0
2024-05-17,2024-05-24,330,gold ceviz,karışık çizgi,,,,
2024-05-17,2024-05-24,340,,,,,,
2024-05-17,2024-05-24,360,gold ceviz,iki göbek,11.0,2.0,,
2024-05-17,2024-05-24,400,ABD ceviz,yavru kanat,,,,
2024-05-17,2024-05-24,410,ABD ceviz,madra,1.0,,1.0,
2024-05-17,2024-05-24,420,ABD ceviz,baklava,,,3.0,
2024-05-17,2024-05-24,430,ABD ceviz,karışık çizgi,,,,
2024-05-17,2024-05-24,440,,,,,,
2024-05-17,2024-05-24,460,ABD ceviz,iki göbek,8.0,1.0,6.0,
2024-05-17,2024-05-24,500,wenge,yavru kanat,,,,
2024-05-17,2024-05-24,520,wenge,baklava,4.0,,,
2024-05-17,2024-05-24,530,wenge,karışık çizgi,,,,
2024-05-17,2024-05-24,540,,,,1.0,,
2024-05-17,2024-05-24,560,wenge,iki göbek,5.0,1.0,,1.0
2024-05-17,2024-05-24,600,bute beyaz,yavru kanat,,,,
2024-05-17,2024-05-24,610,bute beyaz,madra,15.0,,5.0,
2024-05-17,2024-05-24,620,bute beyaz,baklava,7.0,1.0,2.0,1.0
2024-05-17,2024-05-24,630,bute beyaz,karışık çizgi,38.0,4.0,28.0,5.0
2024-05-17,2024-05-24,640,,,,,,
2024-05-17,2024-05-24,660,bute beyaz,iki göbek,147.0,5.0,48.0,32.0
2024-05-17,2024-05-24,700,küp akça,yavru kanat,,,,
2024-05-17,2024-05-24,720,küp akça,baklava,3.0,,,
2024-05-17,2024-05-24,730,küp akça,karışık çizgi,10.0,,,6.0
2024-05-17,2024-05-24,740,,,,,,
2024-05-17,2024-05-24,760,küp akça,iki göbek,63.0,1.0,13.0,2.0
2024-05-17,2024-05-24,800,ardahan gri,yavru kanat,,,,
2024-05-17,2024-05-24,810,ardahan gri,madra,37.0,,3.0,
2024-05-17,2024-05-24,820,ardahan gri,baklava,13.0,,1.0,
2024-05-17,2024-05-24,830,ardahan gri,karışık çizgi,37.0,1.0,2.0,
2024-05-17,2024-05-24,840,,,,,,
2024-05-17,2024-05-24,860,ardahan gri,iki göbek,,,,1.0
2024-05-17,2024-05-24,900,pvc gri,yavru kanat,,,,
2024-05-17,2024-05-24,920,pvc gri,baklava,,,,
2024-05-17,2024-05-24,930,pvc gri,karışık çizgi,18.0,1.0,,
2024-05-17,2024-05-24,960,pvc gri,iki göbek,54.0,,8.0,1.0
2024-05-24,2024-05-31,100,italyan ceviz,yavru kanat,,,,
2024-05-24,2024-05-31,110,italyan ceviz,madra,29.0,1.0,5.0,3.0
2024-05-24,2024-05-31,120,italyan ceviz,baklava,8.0,,1.0,1.0
2024-05-24,2024-05-31,130,italyan ceviz,karışık çizgi,9.0,,5.0,
2024-05-24,2024-05-31,140,,,,,,
2024-05-24,2024-05-31,160,italyan ceviz,iki göbek,31.0,2.0,16.0,5.0
2024-05-24,2024-05-31,200,koyu ceviz,yavru kanat,,,,
2024-05-24,2024-05-31,220,koyu ceviz,baklava,10.0,,,
2024-05-24,2024-05-31,230,koyu ceviz,karışık çizgi,19.0,2.0,,2.0
2024-05-24,2024-05-31,240,,,,,,
2024-05-24,2024-05-31,260,koyu ceviz,iki göbek,,1.0,1.0,2.0
2024-05-24,2024-05-31,300,gold ceviz,yavru kanat,,,,
2024-05-24,2024-05-31,310,gold ceviz,madra,1.0,1.0,,
2024-05-24,2024-05-31,320,gold ceviz,baklava,5.0,,,
2024-05-24,2024-05-31,330,gold ceviz,karışık çizgi,,,,
2024-05-24,2024-05-31,340,,,,,,
2024-05-24,2024-05-31,360,gold ceviz,iki göbek,13.0,,,3.0
2024-05-24,2024-05-31,400,ABD ceviz,yavru kanat,,,,
2024-05-24,2024-05-31,410,ABD ceviz,madra,3.0,,,
2024-05-24,2024-05-31,420,ABD ceviz,baklava,7.0,,,
2024-05-24,2024-05-31,430,ABD ceviz,karışık çizgi,10.0,,2.0,
2024-05-24,2024-05-31,440,,,,,,
2024-05-24,2024-05-31,460,ABD ceviz,iki göbek,3.0,,1.0,
2024-05-24,2024-05-31,500,wenge,yavru kanat,,,,
2024-05-24,2024-05-31,520,wenge,baklava,3.0,,3.0,1.0
2024-05-24,2024-05-31,530,wenge,karışık çizgi,,,,
2024-05-24,2024-05-31,540,,,5.0,,3.0,1.0
2024-05-24,2024-05-31,560,wenge,iki göbek,13.0,,6.0,
2024-05-24,2024-05-31,600,bute beyaz,yavru kanat,,,,
2024-05-24,2024-05-31,610,bute beyaz,madra,6.0,,7.0,2.0
2024-05-24,2024-05-31,620,bute beyaz,baklava,23.0,1.0,,7.0
2024-05-24,2024-05-31,630,bute beyaz,karışık çizgi,40.0,,1.0,12.0
2024-05-24,2024-05-31,640,,,,,,
2024-05-24,2024-05-31,660,bute beyaz,iki göbek,160.0,13.0,28.0,17.0
2024-05-24,2024-05-31,700,küp akça,yavru kanat,,,,
2024-05-24,2024-05-31,720,küp akça,baklava,14.0,1.0,3.0,1.0
2024-05-24,2024-05-31,730,küp akça,karışık çizgi,3.0,,,
2024-05-24,2024-05-31,740,,,2.0,,1.0,
2024-05-24,2024-05-31,760,küp akça,iki göbek,62.0,4.0,7.0,10.0
2024-05-24,2024-05-31,800,ardahan gri,yavru kanat,,,,
2024-05-24,2024-05-31,810,ardahan gri,madra,28.0,,9.0,1.0
2024-05-24,2024-05-31,820,ardahan gri,baklava,30.0,,1.0,1.0
2024-05-24,2024-05-31,830,ardahan gri,karışık çizgi,42.0,1.0,11.0,3.0
2024-05-24,2024-05-31,840,,,5.0,,,2.0
2024-05-24,2024-05-31,860,ardahan gri,iki göbek,6.0,1.0,,
2024-05-24,2024-05-31,900,pvc gri,yavru kanat,,,,
2024-05-24,2024-05-31,920,pvc gri,baklava,,,,
2024-05-24,2024-05-31,930,pvc gri,karışık çizgi,9.0,,,
2024-05-24,2024-05-31,960,pvc gri,iki göbek,,,1.0,1.0
2024-05-31,2024-06-07,100,italyan ceviz,yavru kanat,,,,
2024-05-31,2024-06-07,110,italyan ceviz,madra,9.0,1.0,1.0,
2024-05-31,2024-06-07,120,italyan ceviz,baklava,15.0,,,
2024-05-31,2024-06-07,130,italyan ceviz,karışık çizgi,27.0,,2.0,
2024-05-31,2024-06-07,140,,,,,,
2024-05-31,2024-06-07,160,italyan ceviz,iki göbek,24.0,9.0,5.0,4.0
2024-05-31,2024-06-07,200,koyu ceviz,yavru kanat,,,,
2024-05-31,2024-06-07,220,koyu ceviz,baklava,12.0,2.0,,
2024-05-31,2024-06-07,230,koyu ceviz,karışık çizgi,9.0,,2.0,
2024-05-31,2024-06-07,240,,,,,,
2024-05-31,2024-06-07,260,koyu ceviz,iki göbek,5.0,1.0,3.0,1.0
2024-05-31,2024-06-07,300,gold ceviz,yavru kanat,,,,
2024-05-31,2024-06-07,310,gold ceviz,madra,1.0,1.0,1.0,2.0
2024-05-31,2024-06-07,320,gold ceviz,baklava,8.0,,,
2024-05-31,2024-06-07,330,gold ceviz,karışık çizgi,,,,
2024-05-31,2024-06-07,340,,,,,,
2024-05-31,2024-06-07,360,gold ceviz,iki göbek,13.0,2.0,,
2024-05-31,2024-06-07,400,ABD ceviz,yavru kanat,,,,
2024-05-31,2024-06-07,410,ABD ceviz,madra,3.0,,,
2024-05-31,2024-06-07,420,ABD ceviz,baklava,4.0,,,
2024-05-31,2024-06-07,430,ABD ceviz,karışık çizgi,,,,
2024-05-31,2024-06-07,440,,,,,,
2024-05-31,2024-06-07,460,ABD ceviz,iki göbek,,,,1.0
2024-05-31,2024-06-07,500,wenge,yavru kanat,,,,
2024-05-31,2024-06-07,520,wenge,baklava,7.0,1.0,3.0,
2024-05-31,2024-06-07,530,wenge,karışık çizgi,2.0,,,
2024-05-31,2024-06-07,540,,,,,,
2024-05-31,2024-06-07,560,wenge,iki göbek,10.0,,4.0,1.0
2024-05-31,2024-06-07,600,bute beyaz,yavru kanat,,,,
2024-05-31,2024-06-07,610,bute beyaz,madra,46.0,4.0,33.0,3.0
2024-05-31,2024-06-07,620,bute beyaz,baklava,16.0,1.0,,
2024-05-31,2024-06-07,630,bute beyaz,karışık çizgi,80.0,2.0,4.0,13.0
2024-05-31,2024-06-07,640,,,2.0,,,1.0
2024-05-31,2024-06-07,660,bute beyaz,iki göbek,128.0,10.0,11.0,5.0
2024-05-31,2024-06-07,700,küp akça,yavru kanat,,,,
2024-05-31,2024-06-07,720,küp akça,baklava,17.0,,11.0,1.0
2024-05-31,2024-06-07,730,küp akça,karışık çizgi,1.0,,,
2024-05-31,2024-06-07,740,,,,,,
2024-05-31,2024-06-07,760,küp akça,iki göbek,53.0,,2.0,8.0
2024-05-31,2024-06-07,800,ardahan gri,yavru kanat,,,,
2024-05-31,2024-06-07,810,ardahan gri,madra,39.0,,6.0,6.0
2024-05-31,2024-06-07,820,ardahan gri,baklava,38.0,,6.0,1.0
2024-05-31,2024-06-07,830,ardahan gri,karışık çizgi,26.0,,9.0,6.0
2024-05-31,2024-06-07,840,,,,,,
2024-05-31,2024-06-07,860,ardahan gri,iki göbek,32.0,11.0,6.0,9.0
2024-05-31,2024-06-07,900,pvc gri,yavru kanat,,,,
2024-05-31,2024-06-07,920,pvc gri,baklava,5.0,,,
2024-05-31,2024-06-07,930,pvc gri,karışık çizgi,11.0,1.0,1.0,2.0
2024-05-31,2024-06-07,960,pvc gri,iki göbek,19.0,12.0,,
2024-06-07,2024-06-14,100,italyan ceviz,yavru kanat,,,,
2024-06-07,2024-06-14,110,italyan ceviz,madra,3.0,,1.0,
2024-06-07,2024-06-14,120,italyan ceviz,baklava,10.0,,,
2024-06-07,2024-06-14,130,italyan ceviz,karışık çizgi,7.0,,4.0,
2024-06-07,2024-06-14,140,,,,,,
2024-06-07,2024-06-14,160,italyan ceviz,iki göbek,24.0,2.0,1.0,1.0
2024-06-07,2024-06-14,200,koyu ceviz,yavru kanat,,,,
2024-06-07,2024-06-14,220,koyu ceviz,baklava,5.0,2.0,,
2024-06-07,2024-06-14,230,koyu ceviz,karışık çizgi,13.0,1.0,11.0,
2024-06-07,2024-06-14,240,,,,,,
2024-06-07,2024-06-14,260,koyu ceviz,iki göbek,21.0,1.0,,2.0
2024-06-07,2024-06-14,300,gold ceviz,yavru kanat,,,,
2024-06-07,2024-06-14,310,gold ceviz,madra,5.0,,2.0,
2024-06-07,2024-06-14,320,gold ceviz,baklava,3.0,,,
2024-06-07,2024-06-14,330,gold ceviz,karışık çizgi,1.0,,,
2024-06-07,2024-06-14,340,,,,,,
2024-06-07,2024-06-14,360,gold ceviz,iki göbek,5.0,,1.0,1.0
2024-06-07,2024-06-14,400,ABD ceviz,yavru kanat,,,,
2024-06-07,2024-06-14,410,ABD ceviz,madra,,,2.0,
2024-06-07,2024-06-14,420,ABD ceviz,baklava,5.0,,2.0,
2024-06-07,2024-06-14,430,ABD ceviz,karışık çizgi,,,4.0,
2024-06-07,2024-06-14,440,,,,,,
2024-06-07,2024-06-14,460,ABD ceviz,iki göbek,,,,
2024-06-07,2024-06-14,500,wenge,yavru kanat,,,,
2024-06-07,2024-06-14,520,wenge,baklava,3.0,,3.0,
2024-06-07,2024-06-14,530,wenge,karışık çizgi,1.0,,,
2024-06-07,2024-06-14,540,,,,,,
2024-06-07,2024-06-14,560,wenge,iki göbek,13.0,2.0,3.0,1.0
2024-06-07,2024-06-14,600,bute beyaz,yavru kanat,,,,
2024-06-07,2024-06-14,610,bute beyaz,madra,35.0,4.0,8.0,15.0
2024-06-07,2024-06-14,620,bute beyaz,baklava,6.0,,1.0,
2024-06-07,2024-06-14,630,bute beyaz,karışık çizgi,40.0,5.0,30.0,22.0
2024-06-07,2024-06-14,640,,,,,,
2024-06-07,2024-06-14,660,bute beyaz,iki göbek,182.0,19.0,86.0,8.0
2024-06-07,2024-06-14,700,küp akça,yavru kanat,,,,
2024-06-07,2024-06-14,720,küp akça,baklava,28.0,1.0,1.0,5.0
2024-06-07,2024-06-14,730,küp akça,karışık çizgi,,,,2.0
2024-06-07,2024-06-14,740,,,,,,
2024-06-07,2024-06-14,760,küp akça,iki göbek,47.0,3.0,12.0,
2024-06-07,2024-06-14,800,ardahan gri,yavru kanat,,,,
2024-06-07,2024-06-14,810,ardahan gri,madra,43.0,2.0,1.0,18.0
2024-06-07,2024-06-14,820,ardahan gri,baklava,5.0,,,
2024-06-07,2024-06-14,830,ardahan gri,karışık çizgi,61.0,,6.0,2.0
2024-06-07,2024-06-14,840,,,,,,
2024-06-07,2024-06-14,860,ardahan gri,iki göbek,145.0,6.0,23.0,18.0
2024-06-07,2024-06-14,900,pvc gri,yavru kanat,,,,
2024-06-07,2024-06-14,920,pvc gri,baklava,8.0,,,1.0
2024-06-07,2024-06-14,930,pvc gri,karışık çizgi,40.0,2.0,1.0,2.0
2024-06-07,2024-06-14,960,pvc gri,iki göbek,55.0,3.0,7.0,5.0
2024-06-28,2024-07-05,100,italyan ceviz,yavru kanat,,,,
2024-06-28,2024-07-05,110,italyan ceviz,madra,45.0,3.0,12.0,9.0
2024-06-28,2024-07-05,120,italyan ceviz,baklava,21.0,3.0,1.0,2.0
2024-06-28,2024-07-05,130,italyan ceviz,karışık çizgi,102.0,3.0,25.0,2.0
2024-06-28,2024-07-05,140,,,,,1.0,
2024-06-28,2024-07-05,160,italyan ceviz,iki göbek,117.0,4.0,17.0,6.0
2024-06-28,2024-07-05,200,koyu ceviz,yavru kanat,,,,
2024-06-28,2024-07-05,220,koyu ceviz,baklava,2.0,,,
2024-06-28,2024-07-05,230,koyu ceviz,karışık çizgi,1.0,,,1.0
2024-06-28,2024-07-05,240,,,,,,
2024-06-28,2024-07-05,260,koyu ceviz,iki göbek,29.0,1.0,7.0,
2024-06-28,2024-07-05,300,gold ceviz,yavru kanat,,,,
2024-06-28,2024-07-05,310,gold ceviz,madra,2.0,,2.0,1.0
2024-06-28,2024-07-05,320,gold ceviz,baklava,14.0,,2.0,
2024-06-28,2024-07-05,330,gold ceviz,karışık çizgi,7.0,1.0,,
2024-06-28,2024-07-05,340,,,,,,
2024-06-28,2024-07-05,360,gold ceviz,iki göbek,14.0,3.0,,8.0
2024-06-28,2024-07-05,400,ABD ceviz,yavru kanat,,,,
2024-06-28,2024-07-05,410,ABD ceviz,madra,17.0,1.0,,1.0
2024-06-28,2024-07-05,420,ABD ceviz,baklava,44.0,,12.0,3.0
2024-06-28,2024-07-05,430,ABD ceviz,karışık çizgi,18.0,,2.0,
2024-06-28,2024-07-05,440,,,,,,
2024-06-28,2024-07-05,460,ABD ceviz,iki göbek,10.0,,1.0,
2024-06-28,2024-07-05,500,wenge,yavru kanat,,,,
2024-06-28,2024-07-05,520,wenge,baklava,7.0,,,1.0
2024-06-28,2024-07-05,530,wenge,karışık çizgi,5.0,,5.0,
2024-06-28,2024-07-05,540,,,,,,
2024-06-28,2024-07-05,560,wenge,iki göbek,20.0,1.0,3.0,2.0
2024-06-28,2024-07-05,600,bute beyaz,yavru kanat,,,,
2024-06-28,2024-07-05,610,bute beyaz,madra,45.0,3.0,4.0,13.0
2024-06-28,2024-07-05,620,bute beyaz,baklava,24.0,,9.0,3.0
2024-06-28,2024-07-05,630,bute beyaz,karışık çizgi,103.0,2.0,22.0,10.0
2024-06-28,2024-07-05,640,,,,,,1.0
2024-06-28,2024-07-05,660,bute beyaz,iki göbek,179.0,21.0,36.0,51.0
2024-06-28,2024-07-05,700,küp akça,yavru kanat,,,,
2024-06-28,2024-07-05,720,küp akça,baklava,17.0,1.0,8.0,3.0
2024-06-28,2024-07-05,730,küp akça,karışık çizgi,13.0,,,4.0
2024-06-28,2024-07-05,740,,,,,,
2024-06-28,2024-07-05,760,küp akça,iki göbek,51.0,9.0,3.0,
2024-06-28,2024-07-05,800,ardahan gri,yavru kanat,,,,
2024-06-28,2024-07-05,810,ardahan gri,madra,22.0,,,2.0
2024-06-28,2024-07-05,820,ardahan gri,baklava,29.0,,5.0,
2024-06-28,2024-07-05,830,ardahan gri,karışık çizgi,17.0,2.0,7.0,
2024-06-28,2024-07-05,840,,,,,,
2024-06-28,2024-07-05,860,ardahan gri,iki göbek,8.0,1.0,8.0,1.0
2024-06-28,2024-07-05,900,pvc gri,yavru kanat,,,,
2024-06-28,2024-07-05,920,pvc gri,baklava,13.0,,,
2024-06-28,2024-07-05,930,pvc gri,karışık çizgi,14.0,,2.0,
2024-06-28,2024-07-05,960,pvc gri,iki göbek,97.0,4.0,7.0,8.0
2024-07-05,2024-07-12,100,italyan ceviz,yavru kanat,,,,
2024-07-05,2024-07-12,110,italyan ceviz,madra,23.0,1.0,8.0,13.0
2024-07-05,2024-07-12,120,italyan ceviz,baklava,30.0,,,1.0
2024-07-05,2024-07-12,130,italyan ceviz,karışık çizgi,48.0,,8.0,10.0
2024-07-05,2024-07-12,140,,,1.0,,,
2024-07-05,2024-07-12,160,italyan ceviz,iki göbek,53.0,,,10.0
2024-07-05,2024-07-12,200,koyu ceviz,yavru kanat,,,,
2024-07-05,2024-07-12,220,koyu ceviz,baklava,6.0,,1.0,
2024-07-05,2024-07-12,230,koyu ceviz,karışık çizgi,37.0,,9.0,6.0
2024-07-05,2024-07-12,240,,,,,,
2024-07-05,2024-07-12,260,koyu ceviz,iki göbek,35.0,,3.0,
2024-07-05,2024-07-12,300,gold ceviz,yavru kanat,,,,
2024-07-05,2024-07-12,310,gold ceviz,madra,,,1.0,
2024-07-05,2024-07-12,320,gold ceviz,baklava,9.0,3.0,,1.0
2024-07-05,2024-07-12,330,gold ceviz,karışık çizgi,70.0,,2.0,1.0
2024-07-05,2024-07-12,340,,,,,,
2024-07-05,2024-07-12,360,gold ceviz,iki göbek,16.0,,2.0,
2024-07-05,2024-07-12,400,ABD ceviz,yavru kanat,,,,
2024-07-05,2024-07-12,410,ABD ceviz,madra,1.0,,,
2024-07-05,2024-07-12,420,ABD ceviz,baklava,6.0,1.0,,
2024-07-05,2024-07-12,430,ABD ceviz,karışık çizgi,2.0,,,
2024-07-05,2024-07-12,440,,,,,,
2024-07-05,2024-07-12,460,ABD ceviz,iki göbek,8.0,,4.0,2.0
2024-07-05,2024-07-12,500,wenge,yavru kanat,,,,
2024-07-05,2024-07-12,520,wenge,baklava,10.0,,1.0,
2024-07-05,2024-07-12,530,wenge,karışık çizgi,1.0,,1.0,
2024-07-05,2024-07-12,540,,,,,,
2024-07-05,2024-07-12,560,wenge,iki göbek,3.0,,1.0,1.0
2024-07-05,2024-07-12,600,bute beyaz,yavru kanat,,,,
2024-07-05,2024-07-12,610,bute beyaz,madra,21.0,1.0,9.0,6.0
2024-07-05,2024-07-12,620,bute beyaz,baklava,9.0,1.0,,
2024-07-05,2024-07-12,630,bute beyaz,karışık çizgi,113.0,3.0,29.0,19.0
2024-07-05,2024-07-12,640,,,,,,
2024-07-05,2024-07-12,660,bute beyaz,iki göbek,164.0,5.0,4.0,61.0
2024-07-05,2024-07-12,700,küp akça,yavru kanat,,,,
2024-07-05,2024-07-12,720,küp akça,baklava,19.0,,,1.0
2024-07-05,2024-07-12,730,küp akça,karışık çizgi,56.0,1.0,19.0,5.0
2024-07-05,2024-07-12,740,,,,,,
2024-07-05,2024-07-12,760,küp akça,iki göbek,149.0,8.0,40.0,23.0
2024-07-05,2024-07-12,800,ardahan gri,yavru kanat,,,,
2024-07-05,2024-07-12,810,ardahan gri,madra,71.0,2.0,11.0,9.0
2024-07-05,2024-07-12,820,ardahan gri,baklava,28.0,,3.0,3.0
2024-07-05,2024-07-12,830,ardahan gri,karışık çizgi,,,10.0,
2024-07-05,2024-07-12,840,,,,,,
2024-07-05,2024-07-12,860,ardahan gri,iki göbek,10.0,1.0,3.0,4.0
2024-07-05,2024-07-12,900,pvc gri,yavru kanat,,,,
2024-07-05,2024-07-12,920,pvc gri,baklava,33.0,3.0,4.0,2.0
2024-07-05,2024-07-12,930,pvc gri,karışık çizgi,53.0,1.0,7.0,1.0
2024-07-05,2024-07-12,960,pvc gri,iki göbek,30.0,1.0,3.0,3.0
2024-07-12,2024-07-19,100,italyan ceviz,yavru kanat,,,,
2024-07-12,2024-07-19,110,italyan ceviz,madra,23.0,1.0,4.0,6.0
2024-07-12,2024-07-19,120,italyan ceviz,baklava,6.0,,,
2024-07-12,2024-07-19,130,italyan ceviz,karışık çizgi,22.0,3.0,1.0,1.0
2024-07-12,2024-07-19,140,,,,,,
2024-07-12,2024-07-19,160,italyan ceviz,iki göbek,65.0,3.0,11.0,
2024-07-12,2024-07-19,200,koyu ceviz,yavru kanat,,,,
2024-07-12,2024-07-19,220,koyu ceviz,baklava,2.0,,,
2024-07-12,2024-07-19,230,koyu ceviz,karışık çizgi,4.0,1.0,,1.0
2024-07-12,2024-07-19,240,,,,,,
2024-07-12,2024-07-19,260,koyu ceviz,iki göbek,1.0,,,
2024-07-12,2024-07-19,300,gold ceviz,yavru kanat,,,,
2024-07-12,2024-07-19,310,gold ceviz,madra,14.0,,,
2024-07-12,2024-07-19,320,gold ceviz,baklava,16.0,,5.0,5.0
2024-07-12,2024-07-19,330,gold ceviz,karışık çizgi,3.0,,,
2024-07-12,2024-07-19,340,,,,,,
2024-07-12,2024-07-19,360,gold ceviz,iki göbek,24.0,1.0,3.0,1.0
2024-07-12,2024-07-19,400,ABD ceviz,yavru kanat,,,,
2024-07-12,2024-07-19,410,ABD ceviz,madra,,,,
2024-07-12,2024-07-19,420,ABD ceviz,baklava,5.0,,2.0,1.0
2024-07-12,2024-07-19,430,ABD ceviz,karışık çizgi,,,,
2024-07-12,2024-07-19,440,,,,,,
2024-07-12,2024-07-19,460,ABD ceviz,iki göbek,6.0,1.0,,
2024-07-12,2024-07-19,500,wenge,yavru kanat,,,,
2024-07-12,2024-07-19,520,wenge,baklava,4.0,,,
2024-07-12,2024-07-19,530,wenge,karışık çizgi,2.0,,,
2024-07-12,2024-07-19,540,,,,,,
2024-07-12,2024-07-19,560,wenge,iki göbek,1.0,,,
2024-07-12,2024-07-19,600,bute beyaz,yavru kanat,,,,
2024-07-12,2024-07-19,610,bute beyaz,madra,1.0,,,3.0
2024-07-12,2024-07-19,620,bute beyaz,baklava,9.0,,4.0,1.0
2024-07-12,2024-07-19,630,bute beyaz,karışık çizgi,47.0,,19.0,8.0
2024-07-12,2024-07-19,640,,,4.0,,,3.0
2024-07-12,2024-07-19,660,bute beyaz,iki göbek,192.0,17.0,,60.0
2024-07-12,2024-07-19,700,küp akça,yavru kanat,,,,
2024-07-12,2024-07-19,720,küp akça,baklava,3.0,,,2.0
2024-07-12,2024-07-19,730,küp akça,karışık çizgi,22.0,3.0,4.0,6.0
2024-07-12,2024-07-19,740,,,,1.0,,
2024-07-12,2024-07-19,760,küp akça,iki göbek,14.0,2.0,,
2024-07-12,2024-07-19,800,ardahan gri,yavru kanat,,,,
2024-07-12,2024-07-19,810,ardahan gri,madra,29.0,3.0,9.0,4.0
2024-07-12,2024-07-19,820,ardahan gri,baklava,,,,1.0
2024-07-12,2024-07-19,830,ardahan gri,karışık çizgi,,,,
2024-07-12,2024-07-19,840,,,,,,
2024-07-12,2024-07-19,860,ardahan gri,iki göbek,4.0,,6.0,
2024-07-12,2024-07-19,900,pvc gri,yavru kanat,,,,
2024-07-12,2024-07-19,920,pvc gri,baklava,8.0,,3.0,1.0
2024-07-12,2024-07-19,930,pvc gri,karışık çizgi,60.0,2.0,7.0,9.0
2024-07-12,2024-07-19,960,pvc gri,iki göbek,,,,
2024-07-19,2024-07-26,100,italyan ceviz,yavru kanat,,,,
2024-07-19,2024-07-26,110,italyan ceviz,madra,33.0,2.0,7.0,1.0
2024-07-19,2024-07-26,120,italyan ceviz,baklava,15.0,,2.0,2.0
2024-07-19,2024-07-26,130,italyan ceviz,karışık çizgi,39.0,1.0,3.0,2.0
2024-07-19,2024-07-26,140,,,1.0,,,
2024-07-19,2024-07-26,160,italyan ceviz,iki göbek,,,,
2024-07-19,2024-07-26,200,koyu ceviz,yavru kanat,,,,
2024-07-19,2024-07-26,220,koyu ceviz,baklava,,,,
2024-07-19,2024-07-26,230,koyu ceviz,karışık çizgi,15.0,4.0,4.0,
2024-07-19,2024-07-26,240,,,,,,
2024-07-19,2024-07-26,260,koyu ceviz,iki göbek,10.0,,3.0,
2024-07-19,2024-07-26,300,gold ceviz,yavru kanat,,,,
2024-07-19,2024-07-26,310,gold ceviz,madra,4.0,,1.0,
2024-07-19,2024-07-26,320,gold ceviz,baklava,2.0,1.0,,2.0
2024-07-19,2024-07-26,330,gold ceviz,karışık çizgi,7.0,,17.0,
2024-07-19,2024-07-26,340,,,,,,
2024-07-19,2024-07-26,360,gold ceviz,iki göbek,33.0,,4.0,
2024-07-19,2024-07-26,400,ABD ceviz,yavru kanat,,,,
2024-07-19,2024-07-26,410,ABD ceviz,madra,,,,
2024-07-19,2024-07-26,420,ABD ceviz,baklava,2.0,,,
2024-07-19,2024-07-26,430,ABD ceviz,karışık çizgi,,,,
2024-07-19,2024-07-26,440,,,,,,
2024-07-19,2024-07-26,460,ABD ceviz,iki göbek,11.0,,,
2024-07-19,2024-07-26,500,wenge,yavru kanat,,,,
2024-07-19,2024-07-26,520,wenge,baklava,,,,
2024-07-19,2024-07-26,530,wenge,karışık çizgi,,,,
2024-07-19,2024-07-26,540,,,,,,
2024-07-19,2024-07-26,560,wenge,iki göbek,14.0,,1.0,
2024-07-19,2024-07-26,600,bute beyaz,yavru kanat,,,,
2024-07-19,2024-07-26,610,bute beyaz,madra,3.0,4.0,1.0,
2024-07-19,2024-07-26,620,bute beyaz,baklava,7.0,,1.0,1.0
2024-07-19,2024-07-26,630,bute beyaz,karışık çizgi,61.0,3.0,20.0,6.0
2024-07-19,2024-07-26,640,,,,,,
2024-07-19,2024-07-26,660,bute beyaz,iki göbek,152.0,14.0,36.0,36.0
2024-07-19,2024-07-26,700,küp akça,yavru kanat,,,,
2024-07-19,2024-07-26,720,küp akça,baklava,11.0,,,1.0
2024-07-19,2024-07-26,730,küp akça,karışık çizgi,16.0,1.0,7.0,
2024-07-19,2024-07-26,740,,,1.0,,,
2024-07-19,2024-07-26,760,küp akça,iki göbek,51.0,1.0,,
2024-07-19,2024-07-26,800,ardahan gri,yavru kanat,,,,
2024-07-19,2024-07-26,810,ardahan gri,madra,30.0,,,8.0
2024-07-19,2024-07-26,820,ardahan gri,baklava,3.0,1.0,8.0,1.0
2024-07-19,2024-07-26,830,ardahan gri,karışık çizgi,,,,
2024-07-19,2024-07-26,840,,,,,,
2024-07-19,2024-07-26,860,ardahan gri,iki göbek,9.0,1.0,7.0,3.0
2024-07-19,2024-07-26,900,pvc gri,yavru kanat,,,,
2024-07-19,2024-07-26,920,pvc gri,baklava,18.0,1.0,,7.0
2024-07-19,2024-07-26,930,pvc gri,karışık çizgi,22.0,,3.0,1.0
2024-07-19,2024-07-26,960,pvc gri,iki göbek,5.0,2.0,2.0,3.0
2024-07-26,2024-08-02,100,italyan ceviz,yavru kanat,,,,
2024-07-26,2024-08-02,110,italyan ceviz,madra,54.0,,2.0,7.0
2024-07-26,2024-08-02,120,italyan ceviz,baklava,21.0,1.0,2.0,1.0
2024-07-26,2024-08-02,130,italyan ceviz,karışık çizgi,8.0,,6.0,1.0
2024-07-26,2024-08-02,140,,,,,,
2024-07-26,2024-08-02,160,italyan ceviz,iki göbek,9.0,1.0,,3.0
2024-07-26,2024-08-02,200,koyu ceviz,yavru kanat,,,,
2024-07-26,2024-08-02,220,koyu ceviz,baklava,1.0,,,
2024-07-26,2024-08-02,230,koyu ceviz,karışık çizgi,12.0,,5.0,2.0
2024-07-26,2024-08-02,240,,,1.0,,,
2024-07-26,2024-08-02,260,koyu ceviz,iki göbek,14.0,1.0,2.0,2.0
2024-07-26,2024-08-02,300,gold ceviz,yavru kanat,,,,
2024-07-26,2024-08-02,310,gold ceviz,madra,20.0,2.0,,2.0
2024-07-26,2024-08-02,320,gold ceviz,baklava,6.0,,,
2024-07-26,2024-08-02,330,gold ceviz,karışık çizgi,1.0,1.0,,
2024-07-26,2024-08-02,340,,,,,,
2024-07-26,2024-08-02,360,gold ceviz,iki göbek,29.0,1.0,3.0,3.0
2024-07-26,2024-08-02,400,ABD ceviz,yavru kanat,,,,
2024-07-26,2024-08-02,410,ABD ceviz,madra,,1.0,,
2024-07-26,2024-08-02,420,ABD ceviz,baklava,1.0,,,
2024-07-26,2024-08-02,430,ABD ceviz,karışık çizgi,1.0,,,
2024-07-26,2024-08-02,440,,,,,,
2024-07-26,2024-08-02,460,ABD ceviz,iki göbek,15.0,2.0,,1.0
2024-07-26,2024-08-02,500,wenge,yavru kanat,,,,
2024-07-26,2024-08-02,520,wenge,baklava,,,2.0,
2024-07-26,2024-08-02,530,wenge,karışık çizgi,,,,
2024-07-26,2024-08-02,540,,,,,,
2024-07-26,2024-08-02,560,wenge,iki göbek,11.0,,2.0,
2024-07-26,2024-08-02,600,bute beyaz,yavru kanat,10.0,,,
2024-07-26,2024-08-02,610,bute beyaz,madra,,1.0,1.0,1.0
2024-07-26,2024-08-02,620,bute beyaz,baklava,14.0,1.0,,4.0
2024-07-26,2024-08-02,630,bute beyaz,karışık çizgi,28.0,2.0,10.0,6.0
2024-07-26,2024-08-02,640,,,,,,
2024-07-26,2024-08-02,660,bute beyaz,iki göbek,102.0,5.0,31.0,27.0
2024-07-26,2024-08-02,700,küp akça,yavru kanat,,,,
2024-07-26,2024-08-02,720,küp akça,baklava,33.0,3.0,3.0,2.0
2024-07-26,2024-08-02,730,küp akça,karışık çizgi,53.0,5.0,13.0,2.0
2024-07-26,2024-08-02,740,,,,2.0,,
2024-07-26,2024-08-02,760,küp akça,iki göbek,6.0,3.0,,
2024-07-26,2024-08-02,800,ardahan gri,yavru kanat,,,,
2024-07-26,2024-08-02,810,ardahan gri,madra,,,2.0,5.0
2024-07-26,2024-08-02,820,ardahan gri,baklava,1.0,,,
2024-07-26,2024-08-02,830,ardahan gri,karışık çizgi,80.0,14.0,12.0,2.0
2024-07-26,2024-08-02,840,,,,,,
2024-07-26,2024-08-02,860,ardahan gri,iki göbek,74.0,6.0,35.0,4.0
2024-07-26,2024-08-02,900,pvc gri,yavru kanat,,,,
2024-07-26,2024-08-02,920,pvc gri,baklava,7.0,,,
2024-07-26,2024-08-02,930,pvc gri,karışık çizgi,,,1.0,1.0
2024-07-26,2024-08-02,960,pvc gri,iki göbek,74.0,5.0,15.0,6.0
2024-08-02,2024-08-09,100,italyan ceviz,yavru kanat,,,,
2024-08-02,2024-08-09,110,italyan ceviz,madra,67.0,1.0,32.0,9.0
2024-08-02,2024-08-09,120,italyan ceviz,baklava,12.0,,2.0,1.0
2024-08-02,2024-08-09,130,italyan ceviz,karışık çizgi,6.0,1.0,8.0,
2024-08-02,2024-08-09,140,,,,,,
2024-08-02,2024-08-09,160,italyan ceviz,iki göbek,,,1.0,1.0
2024-08-02,2024-08-09,200,koyu ceviz,yavru kanat,,,,
2024-08-02,2024-08-09,220,koyu ceviz,baklava,10.0,,,
2024-08-02,2024-08-09,230,koyu ceviz,karışık çizgi,8.0,,3.0,3.0
2024-08-02,2024-08-09,240,,,,,,
2024-08-02,2024-08-09,260,koyu ceviz,iki göbek,22.0,2.0,,
2024-08-02,2024-08-09,300,gold ceviz,yavru kanat,,,,
2024-08-02,2024-08-09,310,gold ceviz,madra,13.0,1.0,4.0,
2024-08-02,2024-08-09,320,gold ceviz,baklava,3.0,,,1.0
2024-08-02,2024-08-09,330,gold ceviz,karışık çizgi,,,,
2024-08-02,2024-08-09,340,,,,,,
2024-08-02,2024-08-09,360,gold ceviz,iki göbek,30.0,,3.0,3.0
2024-08-02,2024-08-09,400,ABD ceviz,yavru kanat,,,,
2024-08-02,2024-08-09,410,ABD ceviz,madra,,,,
2024-08-02,2024-08-09,420,ABD ceviz,baklava,7.0,,,
2024-08-02,2024-08-09,430,ABD ceviz,karışık çizgi,2.0,,,
2024-08-02,2024-08-09,440,,,,,,
2024-08-02,2024-08-09,460,ABD ceviz,iki göbek,14.0,,,2.0
2024-08-02,2024-08-09,500,wenge,yavru kanat,,,,
2024-08-02,2024-08-09,520,wenge,baklava,3.0,,3.0,
2024-08-02,2024-08-09,530,wenge,karışık çizgi,3.0,,,
2024-08-02,2024-08-09,540,,,,,,
2024-08-02,2024-08-09,560,wenge,iki göbek,4.0,,,
2024-08-02,2024-08-09,600,bute beyaz,yavru kanat,,,,
2024-08-02,2024-08-09,610,bute beyaz,madra,12.0,,8.0,1.0
2024-08-02,2024-08-09,620,bute beyaz,baklava,2.0,,,
2024-08-02,2024-08-09,630,bute beyaz,karışık çizgi,43.0,1.0,11.0,6.0
2024-08-02,2024-08-09,640,,,,,,
2024-08-02,2024-08-09,660,bute beyaz,iki göbek,98.0,5.0,32.0,25.0
2024-08-02,2024-08-09,700,küp akça,yavru kanat,,,,
2024-08-02,2024-08-09,720,küp akça,baklava,2.0,,,1.0
2024-08-02,2024-08-09,730,küp akça,karışık çizgi,46.0,,9.0,
2024-08-02,2024-08-09,740,,,,,,
2024-08-02,2024-08-09,760,küp akça,iki göbek,90.0,7.0,19.0,17.0
2024-08-02,2024-08-09,800,ardahan gri,yavru kanat,,,,
2024-08-02,2024-08-09,810,ardahan gri,madra,,,1.0,
2024-08-02,2024-08-09,820,ardahan gri,baklava,,,1.0,
2024-08-02,2024-08-09,830,ardahan gri,karışık çizgi,81.0,1.0,20.0,1.0
2024-08-02,2024-08-09,840,,,,,,
2024-08-02,2024-08-09,860,ardahan gri,iki göbek,116.0,5.0,12.0,6.0
2024-08-02,2024-08-09,900,pvc gri,yavru kanat,,,,
2024-08-02,2024-08-09,920,pvc gri,baklava,,,,
2024-08-02,2024-08-09,930,pvc gri,karışık çizgi,38.0,2.0,9.0,
2024-08-02,2024-08-09,960,pvc gri,iki göbek,35.0,2.0,5.0,2.0
2024-08-09,2024-08-16,100,italyan ceviz,yavru kanat,,,,
2024-08-09,2024-08-16,110,italyan ceviz,madra,48.0,2.0,4.0,2.0
2024-08-09,2024-08-16,120,italyan ceviz,baklava,20.0,,11.0,
2024-08-09,2024-08-16,130,italyan ceviz,karışık çizgi,,,3.0,
2024-08-09,2024-08-16,140,,,,,,
2024-08-09,2024-08-16,160,italyan ceviz,iki göbek,,,1.0,1.0
2024-08-09,2024-08-16,200,koyu ceviz,yavru kanat,,,,
2024-08-09,2024-08-16,220,koyu ceviz,baklava,14.0,,1.0,
2024-08-09,2024-08-16,230,koyu ceviz,karışık çizgi,3.0,,1.0,
2024-08-09,2024-08-16,240,,,,,,
2024-08-09,2024-08-16,260,koyu ceviz,iki göbek,30.0,2.0,4.0,3.0
2024-08-09,2024-08-16,300,gold ceviz,yavru kanat,,,,
2024-08-09,2024-08-16,310,gold ceviz,madra,8.0,,2.0,
2024-08-09,2024-08-16,320,gold ceviz,baklava,10.0,,,
2024-08-09,2024-08-16,330,gold ceviz,karışık çizgi,,,,
2024-08-09,2024-08-16,340,,,,,,
2024-08-09,2024-08-16,360,gold ceviz,iki göbek,24.0,,8.0,3.0
2024-08-09,2024-08-16,400,ABD ceviz,yavru kanat,,,,
2024-08-09,2024-08-16,410,ABD ceviz,madra,1.0,,,
2024-08-09,2024-08-16,420,ABD ceviz,baklava,9.0,1.0,1.0,
2024-08-09,2024-08-16,430,ABD ceviz,karışık çizgi,1.0,,4.0,
2024-08-09,2024-08-16,440,,,3.0,,,
2024-08-09,2024-08-16,460,ABD ceviz,iki göbek,16.0,2.0,1.0,4.0
2024-08-09,2024-08-16,500,wenge,yavru kanat,,,,
2024-08-09,2024-08-16,520,wenge,baklava,16.0,1.0,2.0,
2024-08-09,2024-08-16,530,wenge,karışık çizgi,2.0,,1.0,
2024-08-09,2024-08-16,540,,,,,,
2024-08-09,2024-08-16,560,wenge,iki göbek,13.0,,,
2024-08-09,2024-08-16,600,bute beyaz,yavru kanat,,,,
2024-08-09,2024-08-16,610,bute beyaz,madra,2.0,,1.0,1.0
2024-08-09,2024-08-16,620,bute beyaz,baklava,12.0,,,
2024-08-09,2024-08-16,630,bute beyaz,karışık çizgi,49.0,11.0,14.0,1.0
2024-08-09,2024-08-16,640,,,,,,
2024-08-09,2024-08-16,660,bute beyaz,iki göbek,110.0,,17.0,24.0
2024-08-09,2024-08-16,700,küp akça,yavru kanat,,,,
2024-08-09,2024-08-16,720,küp akça,baklava,11.0,3.0,1.0,1.0
2024-08-09,2024-08-16,730,küp akça,karışık çizgi,59.0,1.0,9.0,7.0
2024-08-09,2024-08-16,740,,,,,,
2024-08-09,2024-08-16,760,küp akça,iki göbek,95.0,6.0,14.0,8.0
2024-08-09,2024-08-16,800,ardahan gri,yavru kanat,,,,
2024-08-09,2024-08-16,810,ardahan gri,madra,,,,
2024-08-09,2024-08-16,820,ardahan gri,baklava,,,,
2024-08-09,2024-08-16,830,ardahan gri,karışık çizgi,47.0,,1.0,7.0
2024-08-09,2024-08-16,840,,,,,,
2024-08-09,2024-08-16,860,ardahan gri,iki göbek,67.0,1.0,13.0,6.0
2024-08-09,2024-08-16,900,pvc gri,yavru kanat,,,,
2024-08-09,2024-08-16,920,pvc gri,baklava,,,,
2024-08-09,2024-08-16,930,pvc gri,karışık çizgi,14.0,,4.0,1.0
2024-08-09,2024-08-16,960,pvc gri,iki göbek,40.0,2.0,2.0,3.0
2024-08-16,2024-08-23,100,italyan ceviz,yavru kanat,,,,
2024-08-16,2024-08-23,110,italyan ceviz,madra,41.0,1.0,14.0,
2024-08-16,2024-08-23,120,italyan ceviz,baklava,,,1.0,
2024-08-16,2024-08-23,130,italyan ceviz,karışık çizgi,,,,
2024-08-16,2024-08-23,140,,,,,,
2024-08-16,2024-08-23,160,italyan ceviz,iki göbek,,,1.0,3.0
2024-08-16,2024-08-23,200,koyu ceviz,yavru kanat,,,,
2024-08-16,2024-08-23,220,koyu ceviz,baklava,2.0,,,
2024-08-16,2024-08-23,230,koyu ceviz,karışık çizgi,13.0,1.0,8.0,2.0
2024-08-16,2024-08-23,240,,,,,,
2024-08-16,2024-08-23,260,koyu ceviz,iki göbek,21.0,1.0,2.0,2.0
2024-08-16,2024-08-23,300,gold ceviz,yavru kanat,,,,
2024-08-16,2024-08-23,310,gold ceviz,madra,27.0,,7.0,
2024-08-16,2024-08-23,320,gold ceviz,baklava,3.0,,5.0,
2024-08-16,2024-08-23,330,gold ceviz,karışık çizgi,,,,
2024-08-16,2024-08-23,340,,,,,,
2024-08-16,2024-08-23,360,gold ceviz,iki göbek,6.0,,3.0,
2024-08-16,2024-08-23,400,ABD ceviz,yavru kanat,,,,
2024-08-16,2024-08-23,410,ABD ceviz,madra,,,,
2024-08-16,2024-08-23,420,ABD ceviz,baklava,9.0,,6.0,6.0
2024-08-16,2024-08-23,430,ABD ceviz,karışık çizgi,,,,
2024-08-16,2024-08-23,440,,,3.0,,1.0,
2024-08-16,2024-08-23,460,ABD ceviz,iki göbek,14.0,,,
2024-08-16,2024-08-23,500,wenge,yavru kanat,,,,
2024-08-16,2024-08-23,520,wenge,baklava,1.0,,3.0,1.0
2024-08-16,2024-08-23,530,wenge,karışık çizgi,7.0,,2.0,
2024-08-16,2024-08-23,540,,,,,,
2024-08-16,2024-08-23,560,wenge,iki göbek,28.0,,5.0,
2024-08-16,2024-08-23,600,bute beyaz,yavru kanat,,,,
2024-08-16,2024-08-23,610,bute beyaz,madra,12.0,1.0,10.0,3.0
2024-08-16,2024-08-23,620,bute beyaz,baklava,1.0,,2.0,2.0
2024-08-16,2024-08-23,630,bute beyaz,karışık çizgi,39.0,3.0,16.0,3.0
2024-08-16,2024-08-23,640,,,,,,
2024-08-16,2024-08-23,660,bute beyaz,iki göbek,191.0,15.0,44.0,22.0
2024-08-16,2024-08-23,700,küp akça,yavru kanat,,,,
2024-08-16,2024-08-23,720,küp akça,baklava,2.0,,2.0,
2024-08-16,2024-08-23,730,küp akça,karışık çizgi,27.0,1.0,6.0,
2024-08-16,2024-08-23,740,,,,,,
2024-08-16,2024-08-23,760,küp akça,iki göbek,95.0,7.0,31.0,13.0
2024-08-16,2024-08-23,800,ardahan gri,yavru kanat,,,,
2024-08-16,2024-08-23,810,ardahan gri,madra,,,,
2024-08-16,2024-08-23,820,ardahan gri,baklava,,,,
2024-08-16,2024-08-23,830,ardahan gri,karışık çizgi,10.0,1.0,14.0,3.0
2024-08-16,2024-08-23,840,,,,1.0,,
2024-08-16,2024-08-23,860,ardahan gri,iki göbek,157.0,10.0,43.0,10.0
2024-08-16,2024-08-23,900,pvc gri,yavru kanat,,,,
2024-08-16,2024-08-23,920,pvc gri,baklava,,,,1.0
2024-08-16,2024-08-23,930,pvc gri,karışık çizgi,50.0,,6.0,1.0
2024-08-16,2024-08-23,960,pvc gri,iki göbek,51.0,3.0,14.0,1.0
2024-08-23,2024-08-30,100,italyan ceviz,yavru kanat,,,,
2024-08-23,2024-08-30,110,italyan ceviz,madra,37.0,1.0,17.0,
2024-08-23,2024-08-30,120,italyan ceviz,baklava,,,,
2024-08-23,2024-08-30,130,italyan ceviz,karışık çizgi,,1.0,1.0,
2024-08-23,2024-08-30,140,,,,,,
2024-08-23,2024-08-30,160,italyan ceviz,iki göbek,63.0,4.0,7.0,3.0
2024-08-23,2024-08-30,200,koyu ceviz,yavru kanat,2.0,,,
2024-08-23,2024-08-30,220,koyu ceviz,baklava,2.0,,,
2024-08-23,2024-08-30,230,koyu ceviz,karışık çizgi,7.0,,2.0,2.0
2024-08-23,2024-08-30,240,,,8.0,,,
2024-08-23,2024-08-30,260,koyu ceviz,iki göbek,9.0,2.0,1.0,
2024-08-23,2024-08-30,300,gold ceviz,yavru kanat,,1.0,,
2024-08-23,2024-08-30,310,gold ceviz,madra,10.0,,3.0,
2024-08-23,2024-08-30,320,gold ceviz,baklava,4.0,,2.0,
2024-08-23,2024-08-30,330,gold ceviz,karışık çizgi,,,,
2024-08-23,2024-08-30,340,,,,,,
2024-08-23,2024-08-30,360,gold ceviz,iki göbek,,,2.0,
2024-08-23,2024-08-30,400,ABD ceviz,yavru kanat,,,,
2024-08-23,2024-08-30,410,ABD ceviz,madra,1.0,,1.0,
2024-08-23,2024-08-30,420,ABD ceviz,baklava,3.0,,,
2024-08-23,2024-08-30,430,ABD ceviz,karışık çizgi,,,,
2024-08-23,2024-08-30,440,,,,,,
2024-08-23,2024-08-30,460,ABD ceviz,iki göbek,19.0,,4.0,
2024-08-23,2024-08-30,500,wenge,yavru kanat,,,,
2024-08-23,2024-08-30,520,wenge,baklava,10.0,1.0,,
2024-08-23,2024-08-30,530,wenge,karışık çizgi,11.0,,2.0,
2024-08-23,2024-08-30,540,,,,,,
2024-08-23,2024-08-30,560,wenge,iki göbek,5.0,,4.0,
2024-08-23,2024-08-30,600,bute beyaz,yavru kanat,,,,
2024-08-23,2024-08-30,610,bute beyaz,madra,,,,
2024-08-23,2024-08-30,620,bute beyaz,baklava,,,,
2024-08-23,2024-08-30,630,bute beyaz,karışık çizgi,104.0,6.0,35.0,
2024-08-23,2024-08-30,640,,,,,,
2024-08-23,2024-08-30,660,bute beyaz,iki göbek,61.0,18.0,29.0,18.0
2024-08-23,2024-08-30,700,küp akça,yavru kanat,,,,
2024-08-23,2024-08-30,720,küp akça,baklava,,,2.0,
2024-08-23,2024-08-30,730,küp akça,karışık çizgi,48.0,2.0,4.0,3.0
2024-08-23,2024-08-30,740,,,,,,
2024-08-23,2024-08-30,760,küp akça,iki göbek,66.0,,15.0,1.0
2024-08-23,2024-08-30,800,ardahan gri,yavru kanat,,,,
2024-08-23,2024-08-30,810,ardahan gri,madra,48.0,,16.0,
2024-08-23,2024-08-30,820,ardahan gri,baklava,,,4.0,
2024-08-23,2024-08-30,830,ardahan gri,karışık çizgi,,,1.0,1.0
2024-08-23,2024-08-30,840,,,,,,
2024-08-23,2024-08-30,860,ardahan gri,iki göbek,39.0,5.0,17.0,9.0
2024-08-23,2024-08-30,900,pvc gri,yavru kanat,,,,
2024-08-23,2024-08-30,920,pvc gri,baklava,,,,
2024-08-23,2024-08-30,930,pvc gri,karışık çizgi,18.0,,2.0,1.0
2024-08-23,2024-08-30,960,pvc gri,iki göbek,99.0,5.0,9.0,16.0
2024-08-30,2024-09-06,100,italyan ceviz,yavru kanat,,,,
2024-08-30,2024-09-06,110,italyan ceviz,madra,13.0,1.0,5.0,5.0
2024-08-30,2024-09-06,120,italyan ceviz,baklava,,,,
2024-08-30,2024-09-06,130,italyan ceviz,karışık çizgi,39.0,2.0,17.0,1.0
2024-08-30,2024-09-06,140,,,,,,
2024-08-30,2024-09-06,160,italyan ceviz,iki göbek,84.0,4.0,3.0,16.0
2024-08-30,2024-09-06,200,koyu ceviz,yavru kanat,,,,
2024-08-30,2024-09-06,220,koyu ceviz,baklava,7.0,,,
2024-08-30,2024-09-06,230,koyu ceviz,karışık çizgi,,,,
2024-08-30,2024-09-06,240,,,,,,
2024-08-30,2024-09-06,260,koyu ceviz,iki göbek,,2.0,8.0,
2024-08-30,2024-09-06,300,gold ceviz,yavru kanat,,,,
2024-08-30,2024-09-06,310,gold ceviz,madra,68.0,1.0,8.0,15.0
2024-08-30,2024-09-06,320,gold ceviz,baklava,,,,
2024-08-30,2024-09-06,330,gold ceviz,karışık çizgi,,,1.0,
2024-08-30,2024-09-06,340,,,,,,
2024-08-30,2024-09-06,360,gold ceviz,iki göbek,,,3.0,
2024-08-30,2024-09-06,400,ABD ceviz,yavru kanat,,,,
2024-08-30,2024-09-06,410,ABD ceviz,madra,,,,1.0
2024-08-30,2024-09-06,420,ABD ceviz,baklava,3.0,,,
2024-08-30,2024-09-06,430,ABD ceviz,karışık çizgi,1.0,,,
2024-08-30,2024-09-06,440,,,1.0,,,
2024-08-30,2024-09-06,460,ABD ceviz,iki göbek,9.0,,,2.0
2024-08-30,2024-09-06,500,wenge,yavru kanat,,,,
2024-08-30,2024-09-06,520,wenge,baklava,7.0,,1.0,
2024-08-30,2024-09-06,530,wenge,karışık çizgi,,,,
2024-08-30,2024-09-06,540,,,,,,
2024-08-30,2024-09-06,560,wenge,iki göbek,13.0,1.0,1.0,
2024-08-30,2024-09-06,600,bute beyaz,yavru kanat,,,,
2024-08-30,2024-09-06,610,bute beyaz,madra,6.0,,8.0,
2024-08-30,2024-09-06,620,bute beyaz,baklava,,,,
2024-08-30,2024-09-06,630,bute beyaz,karışık çizgi,53.0,1.0,20.0,
2024-08-30,2024-09-06,640,,,,,,
2024-08-30,2024-09-06,660,bute beyaz,iki göbek,159.0,17.0,44.0,31.0
2024-08-30,2024-09-06,700,küp akça,yavru kanat,,,,
2024-08-30,2024-09-06,720,küp akça,baklava,,,2.0,
2024-08-30,2024-09-06,730,küp akça,karışık çizgi,30.0,,6.0,4.0
2024-08-30,2024-09-06,740,,,1.0,1.0,,
2024-08-30,2024-09-06,760,küp akça,iki göbek,97.0,4.0,15.0,4.0
2024-08-30,2024-09-06,800,ardahan gri,yavru kanat,,,,
2024-08-30,2024-09-06,810,ardahan gri,madra,10.0,,5.0,2.0
2024-08-30,2024-09-06,820,ardahan gri,baklava,,,1.0,
2024-08-30,2024-09-06,830,ardahan gri,karışık çizgi,,,1.0,
2024-08-30,2024-09-06,840,,,,,,
2024-08-30,2024-09-06,860,ardahan gri,iki göbek,12.0,4.0,7.0,2.0
2024-08-30,2024-09-06,900,pvc gri,yavru kanat,,,,
2024-08-30,2024-09-06,920,pvc gri,baklava,,,,
2024-08-30,2024-09-06,930,pvc gri,karışık çizgi,25.0,5.0,6.0,4.0
2024-08-30,2024-09-06,960,pvc gri,iki göbek,95.0,3.0,13.0,24.0
2024-09-13,2024-09-19,100,italyan ceviz,yavru kanat,,,,
2024-09-13,2024-09-19,110,italyan ceviz,madra,1.0,1.0,1.0,1.0
